Sample_ID,Plot_ID,Site_ID,Date,Treatment,Subplot,Patch,Elevation,Precip_mm,Temp_C,ANPP,Surf_R,Crust_R,Crust_Rcode,Crust_b,Crust_S,Crypt_Cov,Crypt_CovCode,Erosion_cov,Deposited_Cov,Foliage_cov,Basal_cov,Litter _cov,Litter_class,litter_origin,Litter_inc,Litter_dpth,Litter_complex,Texture,Plant_R,Stability_ind,Infiltration_ind,Nutrient_ind,Foliage_Cover_<0.5,Logs_<0.5,Compost,Rock,Bare_soil,Fol_cov_Shrub_>0.5m ,FC_Tree>0.5m high,FC_ Other_ >0.5m ,dist_Tree,Bare_rock,Foliage_Cov_all,MIR_HUM,MIR_POC,MIR_ROC,MIR_TOC,MIR_TN,MIR_C_N,P_mg_Kg,pH,EC _microS_cm,Total_PLFA,Gram_pos_bact_comm,Gram_neg_baterial_comm,General_bacteria_comm,Actinobacteria_comm,Fungi_comm,Protozoa_comm,arbuscular_myc_comm,Fungi_Bact,Litter_totalwt,Sticks_bark,Leaves_treeshrubs,Leaves_und,Coarse_frass,Fine_frass,Seed_fruits_gms,Richness_reprod,Abund_fruits,Abundance_inverts,Invert_richness,abund_inver_m3,invert_R_m3,AB,BG,CB,N/AG,PHO,XYL,LAP,well_wieght,Ala,Ara,Arg,Asp,Mal,Raf,Suc,H2O,Xyl,reads.fungi,obs_richness_fungi,chao1_richness_fungi,obs_shannon_fungi,obs_richness_fungi_ArbuscularMycorrhizal,obs_richness_fungi_Ectomycorrhizal,obs_richness_fungi_OrchidMycorrhizal,obs_richness_fungi_PlantPathogen,obs_richness_fungi_WoodSaprotroph,chao1_richness_fungi_ArbuscularMycorrhizal,chao1_richness_fungi_Ectomycorrhizal,chao1_richness_fungi_OrchidMycorrhizal,chao1_richness_fungi_PlantPathogen,chao1_richness_fungi_WoodSaprotroph,obs_shannon_fungi_ArbuscularMycorrhizal,obs_shannon_fungi_Ectomycorrhizal,obs_shannon_fungi_OrchidMycorrhizal,obs_shannon_fungi_PlantPathogen,obs_shannon_fungi_WoodSaprotroph,relabund_fungi_ArbuscularMycorrhizal,relabund_fungi_Ectomycorrhizal,relabund_fungi_OrchidMycorrhizal,relabund_fungi_PlantPathogen,relabund_fungi_WoodSaprotroph,reads.bacteria,obs_richness_bacteria,chao1_richness_bacteria,obs_shannon_bacteria,obs_richness_bacteria_copiotrophic,obs_richness_bacteria_oligotrophic,chao1_richness_bacteria_copiotrophic,chao1_richness_bacteria_oligotrophic,obs_shannon_bacteria_copiotrophic,obs_shannon_bacteria_oligotrophic,relabund_bacteria_copiotrophic,relabund_bacteria_oligotrophic,moisture_%
550AO,550,Tailrace,19.02.19,Rehab,A,O,560,929.20,12.05,470.92,3,3,3.33,0,0,0,0,3,4,3,2,60,4,1,1.3,10,5.2,3,4,58.5472973,33.3266129,26.15384615,15,0,0,15,10,0,25,0,2.5,25,25,1.19,1,0.45,3.2,0.271540039,11.78463409,15.24544276,6.2,51.4,47.53018079,7.166137671,9.942857056,7.919052858,2.617248561,4.377564987,0.306583491,1.356425497,0.2139535,151,23,28,2,15,14,0.01,1,1,0,0,0,0,19.3,136,52.4,36.9,1.2,106,12.2,0.321666667,0.787760616,1.22180221,1.413957272,0.787827069,1.328924781,1.04140122,1.409823401,0.560278009,1.028773514,36089,579,745.0523256,4.385170721,7,26,3,23,11,9,36.125,3,35.25,29,1.683534441,1.233477411,0.691925653,2.265438562,0.071064703,0.002078555,0.106006307,0.005017202,0.023150803,0.15625,38789,3492,4478.945698,7.069278279,1011,634,1320.49435,758.4460432,5.850836523,5.245188715,0.355219806,0.250023534,9.54
550AT,550,Tailrace,19.02.19,Rehab,A,T,560,929.20,12.05,470.92,3,2,6.66,0,0,0,0,4,4,2,1,90,7,1.5,1.7,37,17.85,3,2,79.93243243,63.52822581,56.02564103,5,0,0,5,0,0,40,0,0,5,40,1.18,0.57,0.41,2.9,0.175940492,16.48284584,13.62059619,6.39,43.2,11.938949,1.445019073,2.914883596,1.685582376,0.673618464,1.076660163,0.218020786,0.308877179,0.207368402,426,177,35,0.1,63,31,0.25,3,5,3,3,12,12,24.2,152.8,28.2,61.9,196.1,40.3,257,0.297916667,0.873411176,1.052641578,1.088434536,0.78912412,1.135617042,0.938737737,1.179260167,0.570292287,0.978285353,29721,606,756.368932,4.443636705,2,36,4,9,9,2,57.33333333,4,10,15.25,0.562335145,1.578622323,0.741584972,1.501277185,0.482351238,0.000286697,0.149942661,0.011682913,0.003440367,0.010177752,43742,4010,5454.405294,7.185385129,1421,778,1867.449013,1015.834337,6.230521622,5.638224993,0.400075308,0.201685023,3.79
550BO,550,Tailrace,19.02.19,Rehab,B,O,560,929.20,12.05,470.92,3,2,6.66,3,3,15,3,4,4,4,1,15,2,1,1.3,11,2.6,3,2,66.49038462,35.93283582,22.3255814,0,0,0,65,5,0,0,0,3.5,70,0,0.34,0.19,0.14,0.96,0.076443889,12.55823072,7.143954561,6.54,26.4,19.49068389,3.053498547,3.627802727,3.035841749,1.527780194,1.144503395,0.624307979,0.588131466,0.145576236,66,9,17,4,25,9,0,0,0,0,0,0,0,153.2,1092.9,238.5,628.1,10.2,871.6,4.9,0.321666667,0.655297438,1.144206161,1.123385378,0.807768567,1.217184579,1.080505816,1.301792344,0.61567752,0.934264058,25537,462,575.2246377,3.677224058,16,36,2,14,9,22,39.6,2,20.25,15.25,2.28839801,0.983257693,0.214559155,1.254241498,0.26313762,0.003870413,0.430834289,0.001290138,0.011682913,0.04952695,55512,4348,6110.1802,7.32000913,1317,833,1862.859504,1176.787162,6.240199497,5.610584363,0.337569425,0.252000377,4.04
550BT,550,Tailrace,19.02.19,Rehab,B,T,560,929.20,12.05,470.92,3,2,6.66,2,2,2,2,2,4,2,1,74,4,1.5,1.7,18,10.2,3,2,59.27884615,48.24626866,37.6744186,2,0,0,5,15,0,25,0,0,20,25,0.79,0.4,0.24,1.75,0.146152343,11.97380737,11.67499048,6.62,57.3,11.8201303,1.976957975,2.749832598,1.547643342,0.907512685,0.448485972,0.163606879,0.349025379,0.079232702,180,45,42,9,45,20,1.2,5,24,5,3,20,12,161.2,1096.8,268,323.5,9.7,840.2,8.6,0.297916667,0.608036341,0.738276304,0.850190145,0.670968823,0.934469601,0.806650825,0.955221987,0.446795852,0.962575221,31586,564,666.7712766,4.707098599,3,16,0,20,9,3,22.25,0,30.66666667,11.25,1.028183859,0.845795426,0,2.149042475,1.957402511,0.000860092,0.100774083,0,0.010536124,0.001720183,35012,3488,4475.020468,7.104520328,1198,654,1486.698276,872.0046296,6.064918205,5.345525355,0.414995764,0.217217359,4.7
550CO,550,Tailrace,19.02.19,Rehab,C,O,560,929.20,12.05,470.92,2,2,6.66,3,3,10,2,4,4,4,2,40,3,1,1.7,11,5.1,3,2,66.49038462,40.59701493,25.81395349,25,0,0,25,0,10,0,0,3,25,10,0.96,0.71,0.41,2.8,0.239179964,11.70666619,9.151912244,6.28,38.9,19.40502161,2.655436419,4.070338978,3.253433834,1.114382811,1.727136677,0.317292431,0.518508324,0.213400604,146,47,18,5,16,11,0,0,0,0,0,0,0,435.6,4113.8,1473.4,1534.6,39,2896.4,16.8,0.305208333,0.371282497,0.43996609,0.46188038,0.407975408,0.459183628,0.508978087,0.433766763,0.391955897,0.588018569,39079,500,674.0056818,3.684194031,6,27,1,12,8,8.25,31.57142857,1,24.5,14,1.31565807,0.790064319,0,1.850257422,0.056551303,0.001218463,0.114893922,0.00265195,0.0078125,0.187141628,36072,3929,5187.694915,7.182986015,1244,764,1617.096958,994.3489933,6.069358507,5.538791242,0.368304622,0.237362327,10.81
550CT,550,Tailrace,19.02.19,Rehab,C,T,560,929.20,12.05,470.92,3,2,6.66,4,4,5,2,4,4,2,2,75,4,1.5,1.7,42,10.2,3,3,73.70192308,53.84328358,40,10,0,0,10,0,5,50,0,0,10,55,1.33,1.28,0.6,4.11,0.335836884,12.238084,11.77390347,6,40.9,20.78501954,2.311598165,4.581495622,3.04337918,1.021985366,2.415154436,0.269455074,0.488924823,0.289133298,514,262,26,3,47,38,0.1,2,3,1,1,4,4,31.2,43.9,6.8,98.1,106.8,6,111,0.326458333,0.456750737,0.59111724,0.538757213,0.575313481,0.757045995,0.536292,0.471649376,0.421820362,0.592788849,34077,665,895,4.279959107,5,37,3,16,8,11,51,3,19.125,18,1.043793881,1.303370628,0.843571444,2.549070232,1.839789587,0.000931766,0.199756307,0.002078555,0.00315367,0.001218463,5225,N/A,N/A,N/A,N/A,N/A,N/A,N/A,N/A,N/A,N/A,N/A,8.28
550DO,550,Tailrace,19.02.19,Rehab,D,O,560,929.20,12.05,470.92,2,2,6.66,0,0,0,0,4,4,4,1,15,2,1.5,1.7,5,5.1,3,3,63.04054054,35.80645161,20.76923077,15,0,0,73,10,0,0,0,5.5,83,0,0.83,0.71,0.28,2.38,0.199464066,11.93197377,20.33084507,6.87,75.5,15.51696861,2.694646854,2.882656677,2.314372523,1.242977174,0.856284426,0.315847541,0.540937807,0.124344866,16,0,8,2.2,2.1,1.1,0,3,4,2,2,8,8,338.2,2828,970.4,576.5,32.1,1524.5,17.5,0.305208333,0.463833859,0.615325093,0.69763517,0.672793793,0.746175968,0.694875072,0.567762635,0.414351556,0.640167047,32405,476,584.516129,4.417046464,15,9,2,22,2,16.6,10.125,2,26.16666667,2,2.510394311,2.091138883,0.684616278,1.911639584,0.31246478,0.003010321,0.001290138,0.001648509,0.090668005,0.003798739,31375,3617,4483.138645,7.106661417,1058,650,1289.633772,807.8347458,6.109480821,4.981837492,0.30476325,0.293749412,12.06
550DT,550,Tailrace,19.02.19,Rehab,D,T,560,929.20,12.05,470.92,2,2,6.66,0,0,0,0,4,4,4,1,70,4,1.5,1.7,17,10.2,3,2,69.7972973,46.08870968,33.84615385,0,0,0,20,10,0,30,0,0,30,30,2.53,2.48,1.3,7.69,0.521106548,14.75705886,22.25202105,5.9,68.8,27.23946076,3.669494822,6.73092427,4.148487396,1.563072498,2.282651447,0.537493848,0.610725517,0.184305708,234,32,16,9,41,39,0.86,1,5,0,0,0,0,76.4,764.4,244.2,280.6,15.1,813.9,10.3,0.326458333,0.481508085,0.569196681,0.596363094,0.567615622,0.609581558,0.51771132,0.543470493,0.46027319,0.462143363,21272,538,641.9101124,4.02319576,2,27,3,13,9,2,32.78571429,3,17,9.125,0.673011667,0.806038712,0.83140252,1.967859201,2.137503113,0.000358372,0.300243693,0.001146789,0.005662271,0.001576835,27035,3304,4096.528467,6.98498395,1129,588,1358.389381,734.6851852,5.914939127,5.364199097,0.416172456,0.198249082,8.78
551AO,551,Tailrace,19.02.19,Rehab,A,O,560,933.23,11.95,469.59,3,3,3.33,4,4,35,3,4,4,4,1,20,2,1,1.3,12,2.6,3,9,65.69711538,31.5858209,22.3255814,5,0,0,40,0,0,0,0,3.5,40,0,0.79,0.53,0.37,2,0.180984358,11.05067876,20.88635072,6.09,59.2,13.96789555,2.81700237,2.568709967,2.076142635,1.338261137,0.320960615,0.549483482,0.424990816,0.050804152,36,0.8,17,7,4,1.3,0.03,1,1,0,0,0,0,98.9,1170,397.2,562,12.5,893.3,6.4,0.329895833,0.533439497,0.613616093,0.599150998,0.63071089,0.630376467,0.620064665,0.560730035,0.450561493,0.598550134,32668,438,540.0054348,3.297228781,12,18,2,18,10,36.5,20.57142857,2,19.33333333,10.66666667,2.247927731,0.825073599,0.319690598,1.909427066,1.162344409,0.001791858,0.029816514,0.002938647,0.012327982,0.017416858,27512,3865,4889.714104,7.373414634,1155,845,1431.820455,1021.687117,6.251765302,5.799862389,0.32792055,0.287207004,10.42
551AT,551,Tailrace,19.02.19,Rehab,A,T,560,933.23,11.95,469.59,5,2,6.66,4,4,3,2,4,4,4,1,70,4,1.5,1.7,60,10.2,3,2,73.70192308,55.70895522,42.3255814,1,0,0,20,5,0,30,0,0,25,30,1.22,0.78,0.61,3.18,0.274147992,11.59957427,19.20915452,N/A,N/A,15.45826402,2.508975816,3.431582368,2.167469887,1.371184293,0.703108227,0.152779721,0.543429285,0.098513368,544,238,14,43,30,22,0,0,0,0,0,0,0,16.4,167.6,39.7,44.3,131.9,27.7,184,0.329895833,0.542584241,0.661522312,0.677446739,0.724907725,0.626731591,0.710445928,0.674506298,0.565297811,0.637410389,23466,640,762.7130435,4.480857511,11,34,2,23,16,12.5,39.78571429,2,23.9,22,2.149263105,1.267817457,0.693147181,2.419361111,0.766884592,0.002436927,0.131379014,0.000286697,0.013474771,0.072176032,39732,4139,5583.197006,7.392158015,1297,886,1724.313025,1173.114198,6.308874089,5.755799698,0.353054693,0.28626565,5.52
551BO,551,Tailrace,19.02.19,Rehab,B,O,560,933.23,11.95,469.59,3,3,3.33,3,3,20,3,4,4,2,1,40,3,1,1.3,14,3.9,3,4,63.29326923,32.14552239,25.34883721,10,0,0,25,5,0,0,0,1.6,30,0,0.7,0.4,0.39,2,0.197595701,10.12167769,11.74444088,6.45,62.5,11.84364787,1.97734716,2.725190915,1.817062687,1.024082096,0.305036314,0.250766353,0.445999243,0.055077876,73,11.5,10,7,8,7,0.3,1,3,1,1,4,4,184.7,1545.1,445.7,532.6,15.2,1225.8,11.6,0.329895833,0.547760037,0.634587681,0.616203205,0.608127,0.684035198,0.637686794,0.631305793,0.59946845,0.62776736,27531,556,659.546875,4.218727806,14,34,0,17,7,17,46,0,18.5,11.5,2.460342178,1.369264142,0,2.037674847,1.833785547,0.002006881,0.169724771,0,0.025157683,0.00100344,30300,3863,4830.393789,7.36041299,1268,801,1549.01341,989.4865772,6.300941557,5.85612655,0.358467476,0.24319872,7.26
551BT,551,Tailrace,19.02.19,Rehab,B,T,560,933.23,11.95,469.59,3,3,3.33,4,4,10,2,4,4,2,1,80,5,1.5,1.7,23,12.75,3,3,70.50480769,50.52238806,43.60465116,5,0,0,5,0,0,25,0,0,5,25,1.23,0.92,0.67,3.21,0.298659274,10.7480339,14.73023063,6.37,53.5,14.6884839,1.914967506,3.232336914,2.15315088,0.912148498,0.949013043,0.305505305,0.442077678,0.155127393,339,176,17,5,27,33,0.6,2,5,3,2,12,8,385.7,2465.1,795.2,894.1,27.9,1749.7,18.9,0.329895833,0.64881493,0.758674229,0.768018994,0.780718312,0.806924983,0.791613175,0.693767147,0.47245318,0.669767788,32410,646,795.4401709,4.585942519,17,32,1,28,10,27.66666667,56.5,1,31.375,14.5,2.467965508,1.417142918,0,2.381706671,0.210352292,0.003440367,0.102924312,0.00050172,0.013403096,0.137614679,37391,3870,5023.087604,7.220060555,1321,765,1709.08,940.528125,6.209103634,5.686329876,0.396874706,0.223242022,5.79
551CO,551,Tailrace,19.02.19,Rehab,C,O,560,933.23,11.95,469.59,3,2,6.66,4,4,72,4,4,4,2,1,10,2,1,1.3,9,2.6,3,3,73.70192308,37.79850746,24.65116279,8,0,0,10,0,0,0,0,2.5,10,0,0.83,0.53,0.44,2.21,0.194971294,11.33500197,13.28971463,6.42,32.5,27.81247152,3.754455939,6.450035959,3.75909328,1.694783789,2.735528008,0.441859963,0.758503697,0.224611545,32,7,10,2,3,4,0,0,0,0,0,0,0,95.3,880.1,397.2,562.5,10.1,620.4,8.1,0.353541667,0.437956933,0.488546945,0.423310043,0.522881391,0.522426385,0.485853204,0.486635864,0.335318204,0.457808092,30069,472,581.2266667,3.932938567,5,32,1,20,3,7,40,1,26,4,1.412744637,2.035274508,0,1.981355329,0.683738906,0.000931766,0.153741399,0.000358372,0.022577408,0.000645069,32530,3940,5058.409953,7.270184471,1348,787,1684.924825,944.4404762,6.28938327,5.514256485,0.380871693,0.271203991,6.19
551CT,551,Tailrace,19.02.19,Rehab,C,T,560,933.23,11.95,469.59,4,2,6.66,4,4,15,3,4,4,4,1,40,3,1.5,1.7,25,7.65,3,4,73.70192308,49.0858209,36.39534884,10,0,0,35,0,0,40,0,0,35,40,0.7,0.39,0.41,2.2,0.187894445,11.70870167,9.148919114,6.95,41.1,15.59116724,2.572350283,3.235114949,2.11924633,1.453744636,0.658481112,0.548806408,0.507625492,0.095038295,459,246,16,12,57,37,0.106,1,1,1,1,4,4,159.7,1079.4,259.7,510.5,29.9,681.3,6.9,0.313541667,0.538514858,0.63372857,0.669808987,0.722141308,0.661986914,0.6252962,0.518743098,0.389988659,0.571500578,27516,646,871.5210526,4.44249929,16,50,2,21,13,24,58,2,25.5,25.5,2.572853898,2.114486186,0.083649705,2.341678112,0.547097808,0.002365252,0.121057913,0.008744266,0.016986812,0.099412271,36576,3868,4881.601601,7.308403173,1070,841,1385.9,1005.097561,6.256517235,5.620876907,0.265838275,0.349712887,6.89
551DO,551,Tailrace,19.02.19,Rehab,D,O,560,933.23,11.95,469.59,2,4,1,4,4,5,2,4,4,4,2,55,4,1.5,1.7,16,10.2,3,4,64.90384615,41.41791045,37.6744186,40,0,0,0,0,0,0,0,3,0,0,0.76,0.54,0.29,2.01,0.207551042,9.684364786,14.35242974,6.14,43.2,29.88518812,4.938907833,5.442744053,4.482611507,2.01245054,1.465527337,1.10352517,1.351423933,0.114318379,127,32,9,14,14,22,0.4,2,7,0,0,0,0,35.2,255.9,61.9,56.6,132.6,50.3,160.5,0.353541667,0.543730407,0.702627212,0.784401729,0.78345031,0.79881605,0.797292377,0.66411449,0.546814089,0.683610209,17463,631,728.7552083,4.950994019,17,36,3,27,11,19.25,64.16666667,3,36,23.5,2.65716773,1.917930863,0.786701238,1.979110138,2.224228946,0.004587156,0.046875,0.001290138,0.044724771,0.001791858,47240,3932,5310.534289,7.154913317,1220,790,1656.313043,996.097561,6.197759785,5.283287546,0.3287207,0.29073708,9.08
551DT,551,Tailrace,19.02.19,Rehab,D,T,560,933.23,11.95,469.59,2,4,1,4,4,5,2,4,4,4,2,65,4,1.5,1.7,33,10.2,3,4,64.90384615,41.41791045,37.6744186,30,0,0,0,0,0,10,0,0,0,10,0.5,0.22,0.23,1.13,0.12805401,8.824401517,8.996457466,6.7,27.7,11.60470597,1.99765418,2.420067164,1.72952474,0.985506675,0.565571196,0.267129268,0.453472658,0.108002381,168,85,31,4,20,9,0.9,2,14,0,0,0,0,116.9,1043.1,223.8,468.4,8.3,860.6,6.4,0.313541667,0.482824282,0.528528132,0.522948497,0.575574875,0.581297388,0.527062102,0.486449712,0.454742528,0.441135922,33092,503,629.8175676,4.07911913,19,50,1,15,10,25.4,63.13636364,1,33,28,2.665272571,1.478547147,0,1.815674111,2.094640939,0.003440367,0.334073968,0.000788417,0.009461009,0.001433486,39091,3703,4761.132278,7.142436605,1156,752,1419.32438,963.1486486,6.189552686,5.327930759,0.335263108,0.282594371,3.36
552AO,552,Tailrace,19.02.20,Reference,A,O,575,923.30,12.19,472.87,3,2,6.66,2,3,5,2,4,4,4,2,65,4,1,1.7,38,6.8,3,4,66.49038462,45.63432836,32.09302326,30,0,0,0,0,0,0,0,2.5,0,0,1.78,1.12,1.38,5.32,0.243211294,21.87398415,15.93843548,5.03,20.4,25.55108842,3.561303598,6.21259575,4.384721477,1.401026423,1.09278151,0.313040667,0.617276639,0.092258414,240,22,14,4,23,18,0.07,3,6,0,0,0,0,52.7,335.4,118.4,178.9,703.4,46.2,11.1,0.350833333,0.60642966,0.550097698,0.690427706,0.674231723,0.796908444,0.710044349,0.666297652,0.480274158,0.687509316,21421,456,523.686747,3.856110618,1,29,1,8,11,1,33.9,1,9,14,0,0.832890623,0,1.84948685,1.107535103,0.000143349,0.141485092,0.000143349,0.002723624,0.015768349,43940,2396,3133.355381,6.346443983,575,544,740.765625,687.0059524,4.70201048,5.269767591,0.279252565,0.292337381,13.6
552AT,552,Tailrace,19.02.20,Reference,A,T,575,923.30,12.19,472.87,2,2,6.66,0,0,0,0,3,3,2,2,75,4,1.5,1.7,33,10.2,3,2,63.04054054,48.10483871,36.41025641,10,0,0,0,15,15,55,0,0,15,70,1.39,0.7,0.86,3.5,0.228137505,15.34162477,10.75328668,5.78,15.96,23.50702706,3.57615183,5.985872317,3.435644195,1.489108135,1.009806466,0.229012811,0.785053734,0.089796637,337,60,79,0.1,71,35,2,1,30,3,3,12,12,35.6,193.8,72.3,106.2,399.8,31.9,37.1,0.350833333,0.692796,0.795178511,0.916251344,0.961902947,1.015358952,0.944252332,0.872248531,0.52139747,0.671232827,36484,631,769.0166667,4.29650523,8,50,1,14,12,8,66,1,15,12.25,1.89459351,1.58899461,0,2.399142053,2.007543478,0.005232225,0.248924885,0.000143349,0.004515482,0.012184633,39739,3668,4835.724801,7.010598529,936,854,1231.56044,1118.306962,5.659180535,5.731370793,0.295255578,0.284806552,11.49
552BO,552,Tailrace,19.02.20,Reference,B,O,575,923.30,12.19,472.87,2,2,6.66,0,0,0,0,4,4,4,2,65,4,1,1.7,34,6.8,3,9,69.7972973,41.25,27.69230769,35,0,0,0,0,0,0,0,2.5,0,0,1.32,0.63,0.77,3.32,0.225107887,14.74848372,12.35106307,5.79,25.5,39.0392976,5.31034467,9.214687794,5.716442803,2.441874507,2.841071269,0.923279888,1.277486107,0.163835769,161,39,35,6,30,24,0.8,2,14,0,0,0,0,2.4,13.9,1.5,17.7,73.8,1.3,154,0.350833333,0.723900105,0.855708435,0.93603963,0.944878646,0.987717424,0.974804309,0.821657652,0.66833527,0.831836831,31678,594,796.4402174,3.934175523,3,37,0,13,6,3,42.78571429,0,21.16666667,8,1.028183859,1.24905765,0,1.362309124,1.697733591,0.000860092,0.375573394,0,0.005017202,0.000931766,42158,3817,4961.487101,7.061785943,990,852,1279,1123.290323,5.923609169,5.617337328,0.274122188,0.298173774,11.83
552BT,552,Tailrace,19.02.20,Reference,B,T,575,923.30,12.19,472.87,2,2,6.66,0,0,0,0,4,4,4,2,55,4,1.5,1.7,48,10.2,3,8,69.7972973,48.10483871,36.41025641,45,0,0,0,0,60,75,0,0,0,135,1.4,0.75,0.94,3.87,0.219349135,17.64310579,15.2645692,5.52,33.1,35.1735098,4.919998756,9.45697292,5.094794258,2.006487267,1.576994038,0.474247035,0.980689474,0.091795369,249,176,20,2,38,15,0.43,1,5,0,0,0,0,86.8,119.5,24,259.1,281.6,22.1,26.6,0.350833333,0.457884151,0.58287368,0.720832645,0.730518843,0.749808956,0.61688591,0.629153541,0.568968727,0.583194362,24501,488,578.8430233,4.118765249,0,34,1,10,2,0,40,1,18,2,0,1.71495748,0,2.104744605,0.376770161,0,0.275301032,0.001576835,0.002006881,0.000573394,40502,2906,3818.408759,6.695011784,723,687,941.7,877.2606838,5.398991898,5.433656293,0.26452038,0.315682952,7.93
552CO,552,Tailrace,19.02.20,Reference,C,O,575,923.30,12.19,472.87,2,2,6.66,0,0,0,0,4,4,3,1,70,4,1.5,1.7,46,10.2,3,5,69.7972973,46.08870968,33.84615385,30,0,0,0,0,15,30,0,1,0,45,1.14,0.45,0.73,2.99,0.202601735,14.75801775,8.849801582,5.94,17.64,35.42188874,5.273343671,8.028366928,5.152312611,2.395338398,2.083006398,0.846013359,1.090305761,0.131210386,317,104,128,0.1,51,20,0.78,1,10,0,0,0,0,81.6,110.4,26.5,233.1,252.8,24.8,156.9,0.391666667,0.654168014,0.704029119,0.77954524,0.746686972,0.810038013,0.674748546,0.731221561,0.50474541,0.766144095,36813,616,806.0206186,4.260918643,1,56,3,14,11,1,59.2,4,16.08333333,29,0,2.484465736,0.683738906,2.293593376,0.130235541,7.16743E-05,0.11983945,0.000645069,0.00265195,0.10887328,50236,3846,5160.877204,7.084571676,964,820,1223.962264,1073.775168,5.84079215,5.71190979,0.263296621,0.290925351,6.72
552CT,552,Tailrace,19.02.20,Reference,C,T,575,923.30,12.19,472.87,2,2,6.66,0,0,0,0,4,4,4,2,60,4,1.5,2,35,12,3,7,69.7972973,51.73387097,41.02564103,30,10,0,0,0,5,50,0,0,0,55,1.31,0.68,0.93,3.63,0.216636702,16.75616354,12.58489486,5.48,20.4,32.68050598,3.636643222,8.121102096,5.713884913,1.396512537,3.313739527,0.476434816,0.633121141,0.229649964,526,128,142,2,75,31,5,4,72,2,2,8,8,25.3,181.9,72.6,150,485.5,39.5,24.2,0.343541667,0.763608966,0.876053596,0.936015307,0.995717105,1.061690505,1.012688818,0.882812226,0.683540062,0.762025903,29967,501,661.1052632,4.119247396,0,50,0,9,7,0,65.125,0,9.666666667,8,0,2.134540782,0,1.831219843,1.41520316,0,0.381020642,0,0.002938647,0.006379014,34548,2731,3427.045694,6.424615212,676,634,800.0632911,805.5728155,4.892005552,5.541643493,0.332015438,0.249223383,11.09
552DO,552,Tailrace,19.02.20,Reference,D,O,575,923.30,12.19,472.87,2,2,6.66,0,0,0,0,4,4,4,2,60,4,1.5,1.7,67,10.2,3,6,69.7972973,48.10483871,36.41025641,40,0,0,0,0,5,50,0,1,0,55,1.76,0.93,1.38,5.12,0.272468083,18.7911918,15.751094,5.53,34.8,52.11211987,7.51460449,13.22045098,7.596443654,3.211975817,3.073927994,0.524830015,1.490480911,0.123191287,183,30,38,14,44,21,2.05,3,32,0,0,0,0,7.2,77.9,26.9,37,2.2,117.5,5.5,0.391666667,0.761959569,0.877681001,0.955241449,0.984635454,0.929540866,1.027139526,1.025327482,0.728202458,0.857040401,36197,616,812.0784314,4.430812343,3,57,1,18,7,3,85.9,1,24.125,11.5,1.004242473,2.428350865,0,1.795652662,1.326064038,0.00050172,0.272649083,0.000143349,0.008385894,0.002150229,34402,3296,4186.502976,6.810509029,923,735,1152.5225,953.692623,5.50162924,5.619696416,0.314129719,0.257130754,9.51
552DT,552,Tailrace,19.02.20,Reference,D,T,575,923.30,12.19,472.87,3,2,6.66,0,0,0,0,4,4,4,2,65,4,1.5,1.7,53,10.2,3,6,69.7972973,50.12096774,38.97435897,35,0,0,0,0,0,55,0,0,0,55,1.41,0.74,1.08,4.1,0.228975109,17.9058764,16.55183938,5.47,25.7,36.69755921,4.419380168,9.55113278,5.049879969,1.82220775,3.312114082,1.103283226,0.775858094,0.19670763,278,65,97,0.48,44,12,1.4,1,10,0,0,0,0,9,89.9,9.3,51.8,142,3.1,35,0.343541667,0.629702245,0.651983385,0.740897555,0.764541212,0.782250774,0.763779235,0.654182661,0.573691814,0.537680733,22039,479,560.3388889,4.196946421,2,30,0,12,4,2,34.16666667,0,24.5,8.5,0.636514168,2.034520664,0,2.109845789,1.33217904,0.000430046,0.363818807,0,0.003010321,0.000358372,46178,3233,4323.105049,6.750065048,856,725,1135.184211,932.4795082,5.465664795,5.570292639,0.29276099,0.26899181,6.04
553AO,553,Deadman,19.02.19,Rehab,A,O,600,920.11,11.93,468.55,4,2,6.66,4,4,2,2,4,4,4,1,75,4,1,1.7,28,6.8,3,5,73.70192308,47.5,32.09302326,25,0,0,0,0,0,0,0,4.4,0,0,1.12,0.73,0.44,2.65,0.221317124,11.97376847,24.88143475,6.08,51.2,20.89457703,3.509050944,5.121485671,2.963635112,1.825501317,0.437833219,0.461065934,0.922520212,0.041858148,66,22,30,4,14,2,0.47,2,12,0,0,0,0,34.6,252.4,138.5,147.1,778.1,115.8,260.3,0.401875,0.515794172,0.563450553,0.544755217,0.47927935,0.55261519,0.717399607,0.485518601,0.458888726,0.684592602,21373,813,980.7014925,4.62431114,39,60,0,26,15,43.57142857,69,0,46.16666667,19.16666667,3.381680479,1.268500578,0,2.271677374,1.968358976,0.011396216,0.177823968,0,0.021072248,0.00680906,39280,3987,5074.320981,7.352254023,1174,996,1486.71627,1252.111413,6.199598759,5.915009741,0.304292573,0.32853243,19.92
553AT,553,Deadman,19.02.19,Rehab,A,T,600,920.11,11.93,468.55,3,2,6.66,0,0,0,0,4,4,2,1,85,5,1.5,2,17,15,3,3,73.17567568,57.78225806,48.71794872,10,0,0,0,5,5,5,0,0,5,10,1.28,0.91,0.56,3.51,0.279739829,12.54737307,26.18788359,5.99,26.1,23.30727787,3.40947706,5.404451921,3.159586807,1.571319246,1.328476372,0.53859647,0.771832544,0.127432376,227,77,54,1,26,11,1.9,1,20,62,4,248,16,54.8,205,66.5,97.6,302.3,47.1,92.6,0.4025,0.575951326,0.758960153,0.649549401,0.747442738,0.95307159,0.685863643,0.640032956,0.48462176,0.736756651,22993,480,624.3769231,4.113079299,4,34,1,22,5,6,36.5,1,52.25,6,1.277034259,2.150335878,0,2.656154739,0.906564358,0.00050172,0.40309633,0.000215023,0.005518922,0.003081995,2032,N/A,N/A,N/A,N/A,N/A,N/A,N/A,N/A,N/A,N/A,N/A,10.81
553BO,553,Deadman,19.02.19,Rehab,B,O,600,920.11,11.93,468.55,3,2,6.66,2,3,5,2,4,4,3,1,82,5,1.5,1.7,22,12.75,3,4,68.89423077,54.86940299,43.60465116,7,0,0,0,0,0,40,0,1.2,0,40,0.45,0.23,0.17,1,0.12146615,8.232746325,11.78926826,6.05,13.4,18.21762373,2.9401356,3.911559879,2.635851813,1.445144338,1.064523712,0.260962001,0.654784491,0.130560476,106,7,16,1,16,5,1.9,4,34,2,1,8,4,8,142,32.9,66.6,107.3,13.5,58.2,0.401875,0.547831819,0.70142373,0.738561701,0.786303261,0.821660886,0.774860858,0.672265506,0.47959285,0.867220649,36779,515,626.4714286,3.850724672,15,45,1,20,13,19.5,51,1,36,25.25,2.558702933,1.826757334,0,2.026980647,1.470457633,0.002293578,0.422950115,0.001146789,0.009532683,0.004443807,30585,3873,4897.976684,7.338091471,1076,933,1356.5625,1101.893617,6.26148138,5.750715358,0.271298127,0.328344159,6.75
553BT,553,Deadman,19.02.19,Rehab,B,T,600,920.11,11.93,468.55,2,2,6.66,0,0,0,0,4,4,3,2,75,4,1.5,2,36,12,3,8,69.7972973,51.73387097,41.02564103,15,0,0,0,10,0,40,0,0,10,40,1,0.77,0.39,2.57,0.236443472,10.86940559,19.6832678,5.99,21.3,18.39207417,2.338418599,4.345369522,2.603368311,1.138292902,1.505715732,0.277034009,0.572147381,0.186371969,142,18,24,2,47,16,4,2,81,3,2,12,8,51.4,200.5,63,93.9,297.1,43.8,64.1,0.4025,0.631881685,0.723565883,0.74026968,0.697753313,0.756693258,0.658715369,0.657482408,0.52136969,0.637521127,34248,590,748.2272727,4.28236555,10,29,1,28,14,12.66666667,53,1,33.33333333,20.25,1.958560277,2.059444999,0,2.055356574,0.219421173,0.002150229,0.255375573,0.000286697,0.025659404,0.103426032,36544,3665,4600.253916,7.269338932,1171,756,1453.05123,918.988806,6.161233623,5.757304011,0.34660642,0.255295114,9.93
553CO,553,Deadman,19.02.19,Rehab,C,O,600,920.11,11.93,468.55,3,3,3.33,3,3,2,2,4,4,4,2,68,4,1,2,19,8,3,5,63.29326923,41.66044776,34.88372093,30,0,0,0,0,0,10,0,1.4,0,10,1.13,0.89,0.47,3.24,0.277693262,11.66754991,19.19857433,6.04,36.3,20.85957739,2.84847728,4.351602188,3.014761249,1.137412074,0.931800193,0.360596361,0.855758763,0.104447892,82,8,29,2,21,9,0.84,1,10,0,0,0,0,15.6,169.7,50.1,69,177.3,29.4,127.2,0.5625,0.343557785,0.359643221,0.354055754,0.350194104,0.37150086,0.417958058,0.364209466,0.361386198,0.407761391,32227,652,936.4086022,4.304468996,9,56,0,18,17,10.5,72,0,58.5,20.125,2.110016553,1.989543041,0,1.999422468,2.244147874,0.001290138,0.439291858,0,0.010751147,0.005877294,36207,4124,5199.505519,7.433167458,1221,894,1528.563008,1128.241758,6.272103611,5.944032096,0.339781606,0.24399887,16.69
553CT,553,Deadman,19.02.19,Rehab,C,T,600,920.11,11.93,468.55,4,2,6.66,4,4,3,2,3,3,4,2,80,5,1.5,1.7,31,12.75,3,4,71.29807692,60.46641791,48.25581395,7,0,0,10,0,40,25,0,0,10,65,1.21,1.05,0.57,3.34,0.293599407,11.37604478,25.98762336,5.86,28.6,20.60879318,2.676394165,3.996105341,3.168981958,1.05627286,1.988695589,0.644712897,0.486175216,0.247691154,131,34,41,2,17,3.7,0.42,3,6,5,4,20,16,3.2,38.5,13.9,31.3,106.8,6.4,68.7,N/A,N/A,N/A,N/A,N/A,N/A,N/A,N/A,N/A,N/A,35392,682,924.0683761,4.266862239,3,61,1,18,11,5,133.9,1,19.5,12.5,1.039720771,2.010549066,0,1.952161693,1.599885313,0.000286697,0.417359518,0.000143349,0.012758028,0.005590596,187876,4118,6643.368085,7.21058819,1320,760,1999.638756,1210.322034,6.10509565,5.807605146,0.420267344,0.18794126,6.63
553DO,553,Deadman,19.02.19,Rehab,D,O,600,920.11,11.93,468.55,3,3,3.33,3,3,1,1,4,4,3,2,85,5,1,1.7,18,8.5,3,7,63.29326923,42.59328358,33.72093023,10,0,0,5,0,0,0,0,3,5,0,1.69,1.46,0.63,4.9,0.389640887,12.57568228,18.85905993,5.92,38,24.89106108,3.719713689,6.106856494,3.805065255,1.79110323,1.313335539,0.240373001,0.973188524,0.112048948,149,23,19,4,25,60,0.06,2,2,1,1,4,4,84.6,393.8,78.7,284.4,341.8,65.9,79.4,N/A,N/A,N/A,N/A,N/A,N/A,N/A,N/A,N/A,N/A,27233,543,682.1304348,3.865856483,25,40,1,25,10,35.28571429,52,1,31,14.5,2.60251255,1.708235376,0,2.518029729,0.808249511,0.006307339,0.451046445,7.16743E-05,0.014334862,0.075186353,38728,3862,4837.765306,7.348689868,1034,878,1272.5,1073.411243,6.1505696,5.761448476,0.278640685,0.321942954,16.22
553DT,553,Deadman,19.02.19,Rehab,D,T,600,920.11,11.93,468.55,3,2,6.66,0,0,0,0,4,4,2,1,90,5,1.5,2,33,15,3,3,73.17567568,57.78225806,48.71794872,5,0,0,5,0,0,35,0,0,5,35,0.84,0.73,0.32,2.26,0.217008228,10.41435166,19.28442361,5.94,14.55,16.71611317,2.310052695,4.339997802,2.266251148,0.988430657,0.985607253,0.093818097,0.581361622,0.127424266,643,58,37,2,37,15,0.25,2,4,1,1,4,4,6.8,86.8,31,70.5,242,14.1,44.7,0.56375,0.503720278,0.558040021,0.549965604,0.555157077,0.62730199,0.588965966,0.612767773,0.498732098,0.478154038,51120,534,693.3473684,3.998881682,2,30,2,20,8,3,40.125,2,36,14,0.693147181,1.163961377,0.226967523,2.116424858,1.499828185,0.000143349,0.339019495,0.003583716,0.015194954,0.004085436,37478,3574,4634.702949,7.100213251,1071,751,1380.342233,952.0703704,6.01134718,5.623801927,0.323731526,0.263626094,9.74
554AO,554,Tailrace,19.02.19,Reference,A,O,560,921.99,12.06,470.68,4,1,1,0,0,0,0,3,3,2,2,70,4,1.5,1.3,8,7.8,4,2,40.54054054,37.90322581,35.38461538,5,0,0,0,25,0,20,0,2.5,25,20,0.37,0.11,0.35,1.56,0.148261906,10.52192057,13.15251492,5.82,30.2,13.20461399,2.273830643,3.126121198,2.119719749,1.037409656,0.428167622,0.123733274,0.364683844,0.066734856,112,26,34,0,19,5,0.44,1,3,0,0,0,0,5.3,35.4,6.7,4.8,25.8,3.1,169.8,0.402916667,0.59628095,0.621985281,0.566598453,0.547074442,0.611114998,0.680533932,0.656575802,0.451509802,0.609832071,32230,701,825.1782609,4.977487688,3,34,2,24,16,3.25,37.5,2,26.66666667,22.25,1.054920168,1.810002091,0.392674467,2.591278408,1.702409959,0.000358372,0.118692661,0.001075115,0.016341743,0.01096617,40658,3567,4715.000758,7.170448576,957,715,1265.248466,929.0183486,5.994600248,5.598539138,0.322507766,0.260943236,6.58
554AT,554,Tailrace,19.02.19,Reference,A,T,560,921.99,12.06,470.68,3,1,1,0,0,0,0,4,4,2,1,93,5,1.5,2,56,15,4,1,50.67567568,48.38709677,48.71794872,2,0,0,0,5,10,30,0,0,5,40,1.73,1.01,1.27,5.49,0.332414167,16.5155416,161.7086884,6.51,94.2,26.03628742,2.808491039,7.156663757,3.216900971,1.551971643,1.880127646,0.648417681,0.772440113,0.154945473,356,173,51,0,37,23,0,0,0,2,2,8,8,27.6,144.8,25.4,103.3,125.1,20.6,162.6,0.320416667,0.670770014,0.759210176,0.785438282,0.764154942,0.873677665,0.849413904,0.785602723,0.622336971,0.614795907,25769,739,932.4210526,5.08168317,4,35,2,14,16,8.5,41.125,2,26.25,28.5,1.33217904,1.823941473,0.500402424,1.92929363,1.055990959,0.000358372,0.097333716,0.000358372,0.006880734,0.020928899,32103,3320,4155.203053,7.045587632,1113,601,1328.706522,768.1296296,6.047354126,5.288609711,0.388590794,0.188506072,7.91
554BO,554,Tailrace,19.02.19,Reference,B,O,560,921.99,12.06,470.68,2,2,6.66,3,3,5,2,4,4,2,2,75,4,1.5,2,37,12,4,2,68.89423077,55.3358209,41.86046512,10,0,0,10,0,0,0,0,3.5,10,0,2.57,2.35,1.48,8.38,0.497775862,16.83488621,27.21318914,0,0,22.24148662,3.569343062,4.97577311,3.638031592,1.260299724,1.062051658,0.299904666,0.557616053,0.106032704,153,81,36,0.37,23,5,0,0,0,0,0,0,0,3.9,41.8,11.7,15,48.2,4.1,181,0.402916667,0.655598228,0.736419678,0.670436263,0.704401647,0.780159989,0.767048065,0.700690904,0.411838175,0.739240603,34913,607,827.5,4.374566637,2,26,2,20,18,3,30.5,2,22.5,34,0.693147181,0.520709544,0.661563238,2.557196056,2.007828262,0.000143349,0.096545298,0.000573394,0.007382454,0.01462156,35601,3247,4108.960949,6.930316168,1045,603,1315.282383,783.8203883,5.868431907,5.280871214,0.407417867,0.211945778,11
554BT,554,Tailrace,19.02.19,Reference,B,T,560,921.99,12.06,470.68,2,2,6.66,0,0,0,0,4,4,2,1,95,5,1.5,2,110,15,4,1,73.17567568,57.78225806,46.15384615,5,0,0,0,0,15,55,0,0,0,70,2.58,1.81,1.74,7.98,0.468636515,17.02812253,40.88534691,6.58,214,33.80166305,3.761050714,9.718121985,5.478785163,0.206706097,2.273510762,0.627843561,0.823930324,0.138729931,684,390,28,3,157,61,0.7,2,7,4,1,16,4,5,63.4,18.6,31.1,139.5,3.7,186.1,N/A,N/A,N/A,N/A,N/A,N/A,N/A,N/A,N/A,N/A,32638,596,745.8811881,4.457127074,6,47,0,18,16,14,50.68181818,0,22.5,22,1.540305825,2.166664542,0,2.067378909,0.913871009,0.000788417,0.213876147,0,0.015481651,0.083930619,38695,3022,4050.672355,6.694336569,1118,528,1496.162437,704.6111111,5.800828701,5.217294088,0.454438483,0.161583357,10.63
554CO,554,Tailrace,19.02.19,Reference,C,O,560,921.99,12.06,470.68,2,2,6.66,3,3,2,2,4,4,4,3,68,4,1.5,1.7,28,10.2,4,2,68.89423077,53.84328358,40,30,0,0,0,0,0,0,0,5.5,0,0,1.34,0.73,0.93,3.74,0.236839507,15.79128435,17.52035826,5.68,34.6,20.08805821,2.910467547,4.830362241,2.973227176,1.448940428,1.362748446,0.166203085,0.528733795,0.148903543,133,30,46,7,31,13,0.22,3,3,7,3,28,12,74.7,101.5,23,216.4,234.9,21.5,96.6,0.400416667,0.679123568,0.952561862,0.78420354,0.674146711,0.917992068,0.969145126,1.03698582,0.553380001,1.148165536,26027,520,657.0432099,4.193706483,16,36,6,19,13,24.16666667,48,6,22.125,31,2.55844247,2.110076344,1.31550147,2.198783005,0.18932742,0.002723624,0.398294151,0.003368693,0.008242546,0.094323394,33278,3834,4861.222222,7.215590884,1059,883,1317.231481,1084.130319,6.075707797,5.714621032,0.304104302,0.293890615,8.18
554CT,554,Tailrace,19.02.19,Reference,C,T,560,921.99,12.06,470.68,4,1,1,0,0,0,0,3,4,2,1,83,5,1.5,2,75,15,4,2,47.2972973,50.40322581,51.28205128,2,0,0,0,15,10,65,0,0,15,75,2.07,1.07,1.41,5.85,0.36145025,16.18479999,37.87004595,6.94,73.3,13.48205325,1.488210429,3.491664312,1.778684383,0.844770649,1.183571151,0.38603326,0.304944021,0.199348094,377,17,14,2,71,31,0.5,3,7,12,4,48,16,23.8,176.6,26.2,122.7,179.4,14.6,207,0.365,0.811237999,1.015755287,0.994363029,0.931624562,1.520095091,1.038406602,0.994800092,0.608996436,1.079739335,24488,620,796.0529412,4.904379394,2,43,1,14,13,3,59.9,1,24,17.5,0.693147181,2.38712661,0,1.500249971,1.343480691,0.000143349,0.219538417,0.000143349,0.018491972,0.016198394,40824,3569,4596.015944,7.073377578,1260,753,1670.082661,936.4394904,6.008456103,5.614100584,0.423232608,0.234302928,3.55
554DO,554,Tailrace,19.02.19,Reference,D,O,560,921.99,12.06,470.68,2,2,6.66,2,3,7,2,4,4,2,2,83,5,1.5,2,28,15,4,2,68.89423077,60.93283582,48.8372093,5,0,0,0,5,15,0,0,5.5,5,15,N/A,N/A,N/A,N/A,N/A,N/A,N/A,N/A,N/A,17.79857768,2.581783529,4.198547264,2.573279902,1.202610452,1.328117363,0.137383351,0.490224927,0.16597986,206,38,60,2,28,18,0.7,5,13,0,0,0,0,N/A,N/A,N/A,N/A,N/A,N/A,N/A,0.400416667,0.932573783,1.084001981,1.000020921,0.910507106,1.070712214,1.166822791,1.1774314,0.554957103,1.211015063,61450,696,1021.115741,4.600214141,0,34,2,30,11,0,118.5,2,66.125,32,0,1.970297073,0.636514168,1.331609298,0.194535617,0,0.180045872,0.000430046,0.047090023,0.091241399,82540,4140,6138.005682,7.22012791,1222,797,1788.857143,1163.046763,6.103700387,5.725638623,0.350654241,0.230066836,N/A
554DT,554,Tailrace,19.02.19,Reference,D,T,560,921.99,12.06,470.68,2,2,6.66,0,0,0,0,4,4,2,1,95,5,1.5,2,70,15,4,3,73.17567568,57.78225806,46.15384615,5,0,0,0,0,5,45,0,0,0,50,1.69,1.09,1.21,5.34,0.322381596,16.56422102,29.64155905,6.12,61.2,18.40932743,2.343489613,4.969668392,2.915595954,1.170556716,0.883170884,0.162784227,0.481036583,0.099355098,703,245,90,2,81,47,0.5,3,9,9,3,36,12,11.3,340,97.7,261.7,321.9,49.6,93.6,0.365,1.067952949,1.099482784,1.041461794,0.808300503,1.278370942,0.951265594,0.800690948,0.605739294,1.048138144,29977,525,697.097561,4.28660076,0,25,1,20,18,0,35.28571429,1,35.125,22.16666667,0,2.535790079,0,2.229409583,2.253922024,0,0.006522362,0.000286697,0.005662271,0.009102638,30715,3080,3664.047833,6.822134582,1008,630,1173.58209,735.4744526,5.86420608,5.592876109,0.407935611,0.196319307,9.77
555AO,555,KaiserSandWash,21.02.19,Rehab,A,O,1105,1196.64,9.23,442.85,2,2,6.66,0,0,0,0,4,4,5,2,5,1,1,1.3,11,1.3,4,5,59.66216216,32.17741935,13.58974359,95,0,0,0,0,0,0,0,2.8,0,0,0.55,0.2,0.27,1.64,0.145230616,11.2923848,19.75857727,5.92,20.3,23.87514338,3.064135439,5.742093279,3.395371839,1.28823968,1.427358353,0.642407894,0.835565625,0.128059448,21,2,6,5,5,2,0,0,0,0,0,0,0,1.8,205.7,59.6,98.8,62.7,12.6,431.5,0.349583333,0.617622869,0.742007944,0.648268507,0.60731184,0.799963577,0.642587143,0.807572647,0.431653784,0.750499171,33888,627,861.5707547,4.229475121,14,42,1,18,8,20,58.33333333,1,21.125,10.66666667,2.409763617,1.440822859,0,2.03032334,1.325576841,0.002436927,0.25465883,0.001290138,0.012256307,0.002006881,29426,3055,3656.3512,6.951794688,1033,608,1182.070423,733.7521008,5.90088167,5.495514652,0.401534406,0.22390097,4.09
555AT,555,KaiserSandWash,21.02.19,Rehab,A,T,1105,1196.64,9.23,442.85,3,2,6.66,0,0,0,0,4,4,4,1,55,4,1.5,1.3,27,7.8,4,4,69.7972973,45.28225806,30.25641026,45,0,0,0,0,0,75,0,0,0,75,0.13,0.05,0.04,0.58,0.05939828,9.764592493,6.339190862,5.8,13.33,29.18150232,3.320467295,10.61094293,3.278475438,1.82350736,0.815893733,0.178601869,0.60473563,0.050420903,79,37,24,5,15,1.7,0.1,1,2,4,3,16,12,9.5,56.9,20.5,30.7,118.5,8.4,33.5,0.352916667,0.515113183,1.256087058,0.969429578,0.937681249,1.216208994,1.210175411,1.216878816,0.355264254,0.890342585,24646,583,724.796875,4.457616332,19,48,3,15,9,34.125,53.5,3,24,13.5,2.784996119,2.121597654,0.587925969,1.219812488,1.389622928,0.002365252,0.369337729,0.002723624,0.022290711,0.007239106,41496,3614,4728.28836,6.97881388,1149,713,1502.189189,899.2676056,5.858338458,5.703940928,0.390191095,0.208698108,2.53
555BO,555,KaiserSandWash,21.02.19,Rehab,B,O,1105,1196.64,9.23,442.85,2,2,6.66,0,0,0,0,2,2,3,2,25,2,1,1.3,8,2.6,4,3,49.52702703,34.7983871,16.92307692,20,10,0,0,55,0,0,0,3.2,55,0,0.43,0.2,0.1,1.11,0.129134273,8.595704132,9.25003657,5.76,19.85,16.12018285,2.350302469,2.952672601,2.379393354,1.119228325,1.05212782,0.72913305,0.543523958,0.161078095,36,0,22,2,8,1,1.9,1,6,0,0,0,0,10.2,113.4,27,36.7,79.8,20.7,64.3,0.349583333,0.458930437,1.015511335,0.78600419,0.909697177,1.256700857,1.251030174,0.87411327,0.489405903,0.634094133,31566,681,884.807377,4.162648281,10,63,3,17,10,12.5,83.04545455,3,18.125,14,2.245952081,1.667186127,0.705498995,1.932063306,1.937199798,0.001075115,0.427752294,0.002795298,0.026662844,0.002723624,41670,3983,5188.412054,7.405122101,1349,696,1735.401818,902.4606299,6.299355445,5.728979503,0.401910948,0.200790737,2.04
555BT,555,KaiserSandWash,21.02.19,Rehab,B,T,1105,1196.64,9.23,442.85,3,2,6.66,0,0,0,0,4,4,5,2,30,3,1.5,1.7,17,7.65,4,2,66.41891892,46.99596774,32.43589744,65,0,0,0,5,0,0,0,0,5,0,0.4,0.13,0.47,2.38,0.145355974,16.37359601,21.17065165,6,17.67,23.99388807,3.421203093,5.564308236,3.116149108,1.769403121,1.136168174,0.758438095,0.944067045,0.102330531,174,47,36,20,32,10,0.05,2,2,3,3,12,12,57.1,269.7,53,194.4,233.9,44.2,65.4,0.352916667,0.489678126,0.609455636,0.678026594,0.893011098,1.236826147,0.936163057,0.720234462,0.422103248,0.599499389,34380,540,684.6021505,3.978957985,7,38,2,13,6,8.5,44.72222222,2,22,7,1.661322839,1.661285136,0.206192051,2.008683255,1.578026407,0.001146789,0.292072821,0.001361812,0.00415711,0.001863532,44369,3684,4969.080622,7.193080489,1121,859,1448.511962,1171.5,6.052140412,5.855754291,0.350324767,0.273180834,6.44
555CO,555,KaiserSandWash,21.02.19,Rehab,C,O,1105,1196.64,9.23,442.85,2,2,6.66,0,0,0,0,4,4,5,2,7,1,1,1.3,11,1.3,4,5,59.66216216,32.17741935,13.58974359,90,0,0,0,5,0,0,0,2.5,5,0,0.93,0.37,0.49,2.36,0.207470387,11.37511734,18.85268546,5.94,36.9,41.2124832,6.180477536,9.742056483,5.649606142,3.027897323,1.249543163,1.108343589,1.943766795,0.062715712,29,22,5,1,1,0.2,0.45,1,2,1,1,4,4,13.4,161.4,37.6,61.6,182.3,25.1,85.8,0.389166667,0.745826122,0.937173839,0.847479756,0.757000433,1.189326449,1.442660972,1.23733646,0.809368319,0.964087809,33608,562,730.0517241,4.364659329,18,39,1,17,7,26.16666667,48.8,1,42,7.5,2.305237141,1.446642089,0,1.660052373,0.423923909,0.005948968,0.265768349,0.00100344,0.011037844,0.027666284,36384,3515,4362.693007,7.230685228,1090,801,1380.979452,979.0273973,6.03556052,5.730857285,0.330462205,0.297514826,12.91
555CT,555,KaiserSandWash,21.02.19,Rehab,C,T,1105,1196.64,9.23,442.85,2,2,6.66,0,0,0,0,4,4,4,1,70,4,1.5,1.7,49,10.2,4,3,69.7972973,48.10483871,33.84615385,30,0,0,0,0,0,85,0,0,0,85,0.71,0.22,0.35,1.93,0.171271509,11.26865767,28.38626208,5.9,37.6,24.30107275,3.164187725,6.355303687,3.320430615,1.567297083,1.493317382,0.406985517,0.861145887,0.127904364,174,29,76,8,46,8,0.07,1,6,1,1,4,4,5.8,38.6,8.2,17.7,55.7,4.4,234.8,0.343333333,1.255646186,1.309379947,1.104494374,1.121274293,1.374016686,1.657055319,2.137413441,1.005593633,1.263763403,29441,494,632.109589,3.884293914,7,27,5,21,5,8,29.5,5,37.66666667,5.5,1.798105503,1.831820145,1.541832738,2.123618909,1.246037889,0.001290138,0.40209289,0.001290138,0.009819381,0.002150229,24378,2928,3473.756184,6.918200768,939,621,1074.133152,722.4074074,5.890040643,5.566239976,0.374941165,0.239809847,9.23
555DO,555,KaiserSandWash,21.02.19,Rehab,D,O,1105,1196.64,9.23,442.85,2,2,6.66,0,0,0,0,4,4,5,2,15,2,1,1.3,16,2.6,4,2,63.04054054,34.7983871,16.92307692,85,5,0,0,0,0,5,0,3,0,5,0.72,0.32,0.27,1.78,0.16756523,10.62272883,15.21766063,5.64,34.1,30.88628931,4.54083207,7.334675362,4.219485033,2.328204078,1.774850328,0.483000984,1.155856814,0.121954303,110,23,40,10,27,5.8,0.39,3,8,3,3,12,12,23.7,148.7,46.3,37.9,157,23.9,61.5,0.389166667,0.507775291,0.729924559,0.591079405,0.774381353,0.750204211,0.767409144,0.695320848,0.441037736,0.666739859,33886,638,814.5945946,4.324392408,14,35,5,17,14,44.25,39,7,18.125,15.125,2.04231414,1.561600684,1.210536763,2.064692726,1.909594395,0.002006881,0.246129587,0.001505161,0.012184633,0.006880734,23999,2827,3323.014493,6.828996192,953,608,1075.986188,719.4464286,5.551896931,5.564424005,0.443283442,0.237597665,8.3
555DT,555,KaiserSandWash,21.02.19,Rehab,D,T,1105,1196.64,9.23,442.85,2,2,6.66,0,0,0,0,4,4,2,1,90,5,1.5,2,50,15,4,2,73.17567568,57.78225806,46.15384615,5,0,0,0,5,0,90,0,0,5,90,0.83,0.36,0.37,2.19,0.17765142,12.32751195,17.07823948,5.84,36,29.4699571,3.524549606,7.240015192,4.212379654,1.622803817,1.973778963,0.556352333,1.196551703,0.147267837,401,98,125,0,48,29,0.23,1,4,5,3,20,12,440.5,4049.1,449,1679.3,12114.9,425.8,13.8,N/A,N/A,N/A,N/A,N/A,N/A,N/A,N/A,N/A,N/A,39970,662,889.9202128,4.501750519,1,52,5,17,15,1,63.25,9.5,26,19.16666667,0,1.526928703,1.294545166,2.166093488,0.475267709,7.16743E-05,0.293076261,0.000788417,0.008600917,0.080705275,35041,3414,4273.531735,7.024170929,1176,657,1464.818565,794.2,6.095355576,5.672197653,0.385390191,0.193165772,6.22
556AO,556,KaiserSandWash,21.02.19,Rehab,A,O,1110,1229.76,9.06,442.20,2,2,6.66,0,0,0,0,4,4,2,1,98,5,1.5,2,47,15,3,2,73.17567568,55.76612903,46.15384615,2,0,0,0,0,0,15,0,1,0,15,0.86,0.49,0.24,2.19,0.225211323,9.724200255,17.55568361,5.41,46.1,23.27494473,2.766586878,5.093607379,4.135441269,0.485257509,2.329768313,0.359569969,0.363528455,0.234911141,470,199,112,0,97,48,0.02,1,1,2,1,8,4,2.8,180.5,52.6,46.2,208.6,10.9,52.5,0.373229167,0.685419373,0.636050457,0.811003836,0.839299376,0.973624672,0.830084354,0.843366072,0.513852436,0.777298906,23014,452,598.4923077,3.898285493,3,50,1,6,6,3.5,64.4,1,7,6.25,1.011404265,1.91752098,0,1.299553034,0.624930296,0.000430046,0.471616972,0.000286697,0.001576835,0.006952408,33660,2408,3075.567941,6.126288019,884,455,1084.275862,593.24,5.13693772,4.85212345,0.424315165,0.216323073,5.16
556AT,556,KaiserSandWash,21.02.19,Rehab,A,T,1110,1229.76,9.06,442.20,2,2,6.66,0,0,0,0,4,4,2,1,80,5,1.5,2,37,15,3,4,73.17567568,55.76612903,46.15384615,15,0,0,0,5,0,35,0,0,5,35,0.58,0.33,0.14,1.37,0.123309867,11.11022201,9.350994337,5.62,25.8,20.26957023,2.509316026,4.397670947,2.857388632,1.099403224,1.824417807,0.44191658,0.505846922,0.21400614,273,125,68,1,44,12.8,0.1,1,1,0,0,0,0,13.6,88.7,20.3,34.9,218.4,11.7,28.8,0.373645833,0.819989437,0.954571141,1.019076481,1.07042699,1.097778632,0.931754359,0.771230233,0.561608498,0.836381687,35568,673,893.0178571,4.385600831,12,47,5,11,3,21,56.38888889,6,23.5,4,2.365772627,1.928454392,1.111791253,2.175218847,0.63903186,0.001576835,0.288919151,0.002436927,0.002078555,0.000716743,42968,3141,4129.942771,6.677649879,1023,657,1339.653488,846.8053435,5.625130696,5.434524474,0.358891085,0.253365339,2.28
556BO,556,KaiserSandWash,21.02.19,Rehab,B,O,1110,1229.76,9.06,442.20,2,2,6.66,0,0,0,0,4,4,2,1,90,5,1.5,2,60,15,3,2,73.17567568,55.76612903,46.15384615,10,0,0,0,0,0,80,0,2.5,0,80,1.28,0.91,0.42,3.49,0.28585989,12.20877824,20.31969609,5.82,36.9,18.81335463,1.846717483,5.006018412,2.976724098,0.697936103,1.651031553,0.298211525,0.440747827,0.1938536,547,239,106,2,116,66,0.08,3,6,4,3,16,12,17.6,173.9,39.8,77.8,220.7,21.9,90.5,0.373229167,0.848540792,0.973679516,1.000486214,1.101635746,1.083409341,1.065022031,0.869051205,0.705095607,0.975258287,35694,418,532.1728395,3.172590194,0,31,1,4,8,0,47.66666667,1,4.5,10,0,1.396594728,0,1.143275206,1.501227738,0,0.627006881,0.000286697,0.001146789,0.004945528,41951,2800,3708.026365,6.355494792,883,600,1116.405172,730.5401786,5.202231589,5.193993955,0.352584016,0.266920832,5.87
556BT,556,KaiserSandWash,21.02.19,Rehab,B,T,1110,1229.76,9.06,442.20,3,2,6.66,0,0,0,0,4,4,3,1,75,4,1.5,2,87,12,3,2,69.7972973,51.73387097,41.02564103,20,0,0,5,0,0,55,0,0,5,55,1.12,0.8,0.33,2.83,0.262924425,10.76354924,14.53713479,5.58,39.6,24.64977747,2.727448992,6.585683535,3.406155604,0.370917143,1.930363675,0.376322192,0.581506619,0.173448954,701,239,100,2,145,76,0.2,1,3,9,4,36,16,67.4,262.5,82.5,123,388.9,57.4,49.6,0.373645833,0.509108158,0.65921635,0.80906244,0.830520067,0.808431726,0.628731074,0.631522952,0.564693945,0.702114989,33634,433,543.55625,3.709224947,0,44,4,9,5,0,50.75,6,15.25,6,0,2.060193662,1.088899975,1.531138612,0.378587855,0,0.577408257,0.000716743,0.002006881,0.021143922,47521,2641,3449.79292,6.259503736,829,593,1083.939306,776.6409091,5.123597337,5.090691484,0.317848066,0.275440083,6.09
556CO,556,KaiserSandWash,21.02.19,Rehab,C,O,1110,1229.76,9.06,442.20,3,2,6.66,0,0,0,0,4,4,4,1,70,4,1.5,2,45,12,3,4,69.7972973,51.73387097,41.02564103,25,0,0,0,5,0,65,0,1.8,5,65,1.07,0.59,0.31,2.52,0.213519266,11.80221367,24.13667184,6.18,68.4,29.70322061,2.955870095,8.343500866,4.531752766,1.402308081,2.972967328,0.580640591,0.595592002,0.221282959,398,142,72,0,54,18,0,0,0,9,5,36,20,19.4,129.8,29.1,50.7,320.7,16.5,47.3,0.415416667,0.563647678,0.657506108,0.475097778,0.621973381,0.673010491,0.615497661,0.921620506,0.463764711,0.538102101,31731,478,632.152439,4.175399792,0,32,3,9,8,0,34.5,3,10,10.66666667,0,2.053020736,0.934769898,1.480991301,0.584174885,0,0.28175172,0.000788417,0.00365539,0.006092317,61364,2627,3851.56893,6.00043981,1030,448,1487.051913,703.3223684,4.945184646,4.991108948,0.487479996,0.123552669,5.8
556CT,556,KaiserSandWash,21.02.19,Rehab,C,T,1110,1229.76,9.06,442.20,2,2,6.66,0,0,0,0,4,4,2,1,88,5,1.5,2,60,15,3,4,73.17567568,55.76612903,46.15384615,10,0,0,0,2,0,80,0,0,2,80,1.18,0.67,0.36,2.79,0.249979909,11.16089693,16.52094009,5.99,51.6,25.10569937,2.521754192,6.806227796,3.45234578,1.13188975,2.410555146,0.22652914,0.643502075,0.213477308,697,294,136,1,110,42,0,1,2,7,5,28,20,10.9,72.5,16.3,28.3,179,9.3,145.6,0.402916667,0.537316199,1.20403031,1.218008519,1.040948981,1.418022116,1.261635047,1.962212413,0.387486785,1.332783902,31452,522,672.9387755,4.072884638,1,34,2,11,4,1,37.5,2,32,7,0,1.723153967,0.450561209,1.153805698,0.609627424,0.000215023,0.292861239,0.000430046,0.005662271,0.001361812,33427,2909,3606.529412,6.506181663,1014,627,1270.951872,771.4,5.64585643,5.452603374,0.386002071,0.208886379,6.01
556DO,556,KaiserSandWash,21.02.19,Rehab,D,O,1110,1229.76,9.06,442.20,3,2,6.66,0,0,0,0,4,4,2,1,82,5,1.5,1.7,40,12.75,3,3,73.17567568,53.24596774,42.94871795,8,0,0,0,10,0,40,0,2.5,10,40,N/A,N/A,N/A,N/A,N/A,N/A,N/A,N/A,N/A,N/A,N/A,N/A,N/A,N/A,N/A,N/A,N/A,N/A,300,105,79,0,45,21,1,1,10,1,1,4,4,N/A,N/A,N/A,N/A,N/A,N/A,N/A,0.415416667,0.503475365,1.027078824,0.89678453,0.938227575,1.311052861,1.237799322,1.163752619,0.67399799,0.559321744,N/A,N/A,N/A,N/A,N/A,N/A,N/A,N/A,N/A,N/A,N/A,N/A,N/A,N/A,N/A,N/A,N/A,N/A,N/A,N/A,N/A,N/A,N/A,N/A,N/A,N/A,N/A,N/A,N/A,N/A,N/A,N/A,N/A,N/A,N/A,N/A,N/A
556DT,556,KaiserSandWash,21.02.19,Rehab,D,T,1110,1229.76,9.06,442.20,2,2,6.66,0,0,0,0,4,4,2,1,92,5,1.5,2,100,15,3,3,73.17567568,55.76612903,46.15384615,7,0,0,0,1,0,85,0,0,1,85,0.71,0.51,0.22,1.96,0.191745145,10.22190159,15.62332743,5.83,63.5,28.8700588,2.991221006,6.20232619,4.06010675,1.322229063,4.02124535,0.630128697,0.508376196,0.348638918,605,370,86,2,52,19,0.18,1,3,0,0,0,0,17.6,82.3,22.6,36.1,124.2,14.3,121.3,0.402916667,0.485860626,0.622681968,0.564065204,0.669864518,0.867288705,0.888582502,0.94307342,0.45781009,0.587611072,26175,622,731.2045455,4.558029104,0,19,1,16,4,0,25.25,1,20.16666667,7,0,2.179876805,0,2.147191468,0.793730055,0,0.017990252,0.000143349,0.006522362,0.000931766,39308,3372,4248.454301,6.791242663,1006,657,1242.25,797.8333333,5.576150033,5.445942305,0.363691989,0.221359315,2.08
557AO,557,Dogleg,20.02.19,Rehab,A,O,790,1001.35,10.54,451.58,3,2,6.66,0,0,0,0,3,3,3,2,70,4,1.5,2,43,12,3,4,63.04054054,53.75,43.58974359,15,0,0,1,14,0,15,0,4.5,15,15,1.91,1.7,0.95,5.41,0.377924189,14.31504031,37.17455093,5.06,54.9,19.9079251,2.339790276,5.044806037,2.642192397,1.25278852,1.955705331,0.370316394,0.640553616,0.223741039,220,25,19,6,37,22,9,2,81,0,0,0,0,17.4,195.3,12.9,52.2,162.3,20.3,147.8,0.352083333,0.491603531,0.559913786,0.580334937,0.599388079,0.585256445,0.599136718,0.561735625,0.481116006,0.57859394,32724,591,739.1814159,4.192128508,2,30,1,23,12,2,50.16666667,1,23.4,36.5,0.410116318,2.06584901,0,1.545051979,1.93389292,0.00050172,0.221616972,0.000286697,0.099053899,0.002436927,35060,4405,5661.97166,7.458932312,1445,938,1809.629808,1218.9,6.436770639,5.804613733,0.375976654,0.257460228,9.6
557AT,557,Dogleg,20.02.19,Rehab,A,T,790,1001.35,10.54,451.58,4,2,6.66,0,0,0,0,4,4,3,1,75,4,1.5,2,40,12,3,3,69.7972973,53.75,43.58974359,15,0,0,10,0,0,35,0,0,10,35,4.23,4.98,2.54,13.97,0.673194229,20.75181188,88.71813757,4.58,283,40.38495898,5.063859867,7.950092724,6.480129871,1.748784812,4.697451155,1.118378837,0.527910457,0.300662134,201,22,31,6,51,19,9.03,2,103,0,0,0,0,124.1,535.7,158.3,242.2,619.6,53.6,63.5,0.260208333,0.67011187,0.77903982,0.819704367,0.848965305,0.868341653,0.832146804,0.762604611,0.533122264,0.74131013,38149,533,790.1493506,4.203426549,2,17,1,21,9,2,23,1,61.5,21.5,0.562335145,0.825231761,0,1.398962795,0.738299945,0.000286697,0.095756881,7.16743E-05,0.053182339,0.111095183,81,N/A,N/A,N/A,N/A,N/A,N/A,N/A,N/A,N/A,N/A,N/A,20.39
557BO,557,Dogleg,20.02.19,Rehab,B,O,790,1001.35,10.54,451.58,3,2,6.66,0,0,0,0,4,4,3,1,70,4,1.5,2,53,12,3,5,69.7972973,51.73387097,41.02564103,10,0,0,15,5,10,45,0,3,20,55,2.18,1.74,1.09,6.24,0.429554981,14.52666196,32.66610345,5.73,65,21.05393128,2.671519871,4.705759416,3.107309458,1.207677024,1.983094212,0.032918607,0.480385744,0.22275695,320,59,53,2,44,25,1.8,1,20,1,1,4,4,17.6,173.9,39.8,77.8,220.7,21.9,90.5,0.352083333,0.596383127,0.703330038,0.755198979,0.768153724,0.801025518,0.767852153,0.723061189,0.565546962,0.693872941,39332,604,778.6181818,4.200485631,2,26,2,30,13,2.5,29,2,35.33333333,41,0.636514168,1.223983435,0.214559155,1.416462207,0.276272538,0.000215023,0.26196961,0.001290138,0.117402523,0.059561353,38121,3691,4690.681643,7.159835301,1127,730,1483.041262,891.4577922,6.035673854,5.402856981,0.351407324,0.252282783,8.38
557BT,557,Dogleg,20.02.19,Rehab,B,T,790,1001.35,10.54,451.58,3,2,6.66,0,0,0,0,4,4,2,1,97,5,1.5,2,75,15,3,2,73.17567568,57.78225806,48.71794872,3,0,0,0,0,0,85,0,0,0,85,2.26,2.35,1.15,6.97,0.469649924,14.84084133,30.35988975,5.86,51.5,17.49490116,1.711683905,4.959874478,2.558257924,0.796305766,1.769797654,0.154796034,0.502128964,0.223731283,539,194,82,1.5,146,65,4.3,1,50,0,0,0,0,3.2,50.6,7.4,16.7,132.4,2,107.2,0.260208333,0.682336623,0.722131199,0.739322735,0.717634181,0.789260267,0.76370335,0.653694079,0.462802088,0.629543434,32287,605,918.1566265,3.999453537,0,43,1,17,8,0,124,1,29.25,18,0,1.256208499,0,1.294272371,1.762208171,0,0.231651376,0.000430046,0.024369266,0.001361812,33232,3236,3985.360769,7.037963666,963,731,1182.88172,872.1267123,5.771732083,5.653567379,0.364303869,0.25171797,10.24
557CO,557,Dogleg,20.02.19,Rehab,C,O,790,1001.35,10.54,451.58,3,2,6.66,3,4,5,2,4,4,2,1,85,5,1.5,2,57,15,3,3,73.70192308,60.93283582,48.8372093,5,0,0,0,5,0,40,0,1.8,5,40,2.22,1.85,1.33,7.06,0.450918965,15.65691521,81.7808826,5.59,150.9,32.8386417,3.959469665,8.996808503,5.25910765,1.668399756,2.260413281,0.550566664,0.839739224,0.144079459,390,135,51,2,59,31,6,3,82,0,0,0,0,50.3,376,107,214.2,475.6,46.8,117.2,0.3275,0.420520967,0.472589399,0.470764002,0.441843189,0.482717033,0.452622739,0.550347861,0.398472053,0.429504935,34029,669,887.0424528,4.257690458,8,29,1,19,13,12.5,85.25,1,27.16666667,21,1.623425469,1.03020643,0,2.506924227,2.096671612,0.002436927,0.259461009,0.000215023,0.005303899,0.005303899,44170,3752,5084.611111,6.994138091,1300,709,1766.108407,967.2934783,6.131807138,5.373118757,0.379553798,0.204462016,14.15
557CT,557,Dogleg,20.02.19,Rehab,C,T,790,1001.35,10.54,451.58,3,2,6.66,0,0,0,0,4,4,2,2,90,5,1.5,2,88,15,3,2,73.17567568,59.7983871,51.28205128,10,0,0,0,0,0,55,0,0,0,55,1.34,1,0.64,3.42,0.263492017,12.97952036,39.09244139,5.49,75.1,24.79811695,2.765851149,6.052667986,3.226344658,1.301084445,2.314444794,0.399949926,0.551028918,0.220267898,496,158,73,2,102,48,4.9,1,75,0,0,0,0,21.3,159.5,44.3,69.5,190.7,18.9,56.6,0.316041667,0.436002723,0.489137334,0.474225981,0.571493856,0.606332786,0.605101692,0.705350176,0.453992457,0.492774455,31604,537,754.8,3.68057662,2,40,4,10,11,2.5,42.57142857,5,11.5,17,0.636514168,1.622072651,0.531393015,1.72932726,0.401538846,0.000215023,0.271717317,0.004228784,0.005877294,0.120914564,35210,3535,4657.385816,6.990852873,1160,740,1500.196035,1008.403226,5.860820061,5.567413302,0.372587781,0.236797515,5.48
557DO,557,Dogleg,20.02.19,Rehab,D,O,790,1001.35,10.54,451.58,2,2,6.66,0,0,0,0,4,4,3,2,85,5,1.5,2,81,15,3,4,73.17567568,57.78225806,48.71794872,10,0,0,0,5,0,70,0,1.5,5,70,1.53,1.28,0.78,4.35,0.323578392,13.4434193,37.83768576,5.88,38.9,29.92704187,3.18765525,5.959381757,4.047484103,1.377297181,4.574146363,0.467889647,0.633634102,0.403714117,530,139,66,2,69,43,4,2,73,2,1,8,4,37.3,165.5,34.9,120.1,143.9,29.5,111.8,N/A,N/A,N/A,N/A,N/A,N/A,N/A,N/A,N/A,N/A,67697,835,1167.232143,4.798095918,2,36,3,36,10,3,48.1,3,42.05,16,0.693147181,1.828187666,0.649687713,1.490237052,2.211068871,0.000143349,0.280676606,0.001576835,0.065223624,0.001075115,65457,4299,6379.495261,7.260784538,1451,858,2137.054717,1202.026627,6.240470121,5.808210091,0.392403276,0.226301421,6.47
557DT,557,Dogleg,20.02.19,Rehab,D,T,790,1001.35,10.54,451.58,3,2,6.66,0,0,0,0,4,4,2,1,95,5,1.5,2,83,15,3,2,73.17567568,57.78225806,48.71794872,5,0,0,0,0,0,90,0,0,0,90,1.35,0.94,0.71,3.55,0.26118772,13.5917569,21.39769746,5.89,57.3,22.23675206,2.847887396,5.540350969,3.163848472,1.268418922,1.90958721,0.203321791,0.637805396,0.189875639,617,234,93,4,99,73,4.3,4,53,6,2,24,8,4.6,51,13.1,18.8,54,6.8,258.5,0.316041667,0.490025338,0.485459235,0.489488798,0.508792479,0.484437065,0.507546584,0.475088994,0.419975938,0.403917192,31815,641,853.0046729,4.444460519,2,35,2,19,11,2.5,49.4,2,59.5,13.66666667,0.636514168,1.069755554,0.271189373,1.562888342,1.024820924,0.000215023,0.176963876,0.000931766,0.014334862,0.01978211,35518,3823,4856.388956,7.207208468,1299,783,1654.38664,967.5,6.232996622,5.471011906,0.396451097,0.242163231,6.61
558AO,558,Dogleg,20.02.19,Rehab,A,O,765,989.39,10.65,452.59,4,2,6.66,0,0,0,0,4,4,3,1,70,4,1.5,2,50,12,3,4,69.7972973,53.75,43.58974359,5,0,0,10,15,0,0,0,1.3,25,0,2.95,3.07,1.53,9.82,0.66465822,14.77451073,41.94790659,6.36,99.9,32.41313919,3.408537512,8.014826223,5.24534324,1.677872413,2.714194405,0.492046826,1.171429383,0.188690342,351,77,56,1,68,34,4.5,2,42,0,0,0,0,41.3,200.9,100.4,91.5,307.3,78.7,140.4,0.415416667,0.510636518,0.426475863,0.476386574,0.552501834,0.502132188,0.525947147,0.535455551,0.44864067,0.525567893,32094,678,834.816,4.603283503,3,29,1,24,14,3.25,89.5,1,27.125,38.5,1.054920168,1.194243275,0,1.960743578,1.937220142,0.000358372,0.174240252,7.16743E-05,0.023222477,0.007095757,33944,3539,4426.626422,7.082085024,1176,670,1458.85124,815.9220779,6.037808071,5.590364058,0.416737268,0.179092535,24.19
558AT,558,Dogleg,20.02.19,Rehab,A,T,765,989.39,10.65,452.59,4,2,6.66,0,0,0,0,4,4,2,2,97,5,1.5,2,67,15,3,5,73.17567568,61.81451613,53.84615385,2,0,0,5,0,15,70,0,0,5,85,1.61,1.2,0.83,4.95,0.375675193,13.17627592,22.57274241,6.19,91,15.90301098,1.210819216,3.515810647,2.285431528,0.65681789,2.540245751,0.189413898,0.357039815,0.430427865,390,155,39,1,92,32,2.7,3,24,2,1,8,4,11.7,43.3,10.9,6,37,15.1,108.5,0.422291667,0.523087175,0.581263301,0.598796686,0.677683701,0.703076114,0.672256256,0.611311719,0.407193147,0.523207258,30117,618,808,4.574175714,4,29,2,26,11,4.25,41.5,2,42.66666667,26,0.950748927,1.703663005,0.653418195,1.876677407,1.464723845,0.001146789,0.178254014,0.001791858,0.034977064,0.011826261,32843,3650,4710.172043,7.125912511,1239,745,1547.166667,946.9448276,6.096705056,5.717451204,0.40167561,0.200790737,5.95
558BO,558,Dogleg,20.02.19,Rehab,B,O,765,989.39,10.65,452.59,5,2,6.66,0,0,0,0,4,4,2,1,75,4,1.5,2,89,12,3,4,69.7972973,55.76612903,46.15384615,10,0,0,10,5,0,65,0,1,15,65,3.4,3.01,1.73,10.02,0.638698963,15.68814196,36.29161815,6.32,129.8,26.28819551,2.803050217,7.492805196,3.638438942,1.560476987,1.731736703,0.19523536,1.011970708,0.135868348,404,123,63,3,88,39,4.9,3,55,4,2,16,8,22.6,168,45.1,82.9,171.7,40.8,225.4,0.415416667,0.514717991,0.609402767,0.620280253,0.67028515,0.671884395,0.648663403,0.581908336,0.425567894,0.568095513,25109,640,783.3628319,4.498563469,1,37,3,31,11,1,49.5,3,43.1,15,0,1.243372311,1.053939822,2.195119045,1.949202791,7.16743E-05,0.2421875,0.002723624,0.027522936,0.004300459,34707,3864,4974.05,7.274475101,1317,776,1658.860465,1003.755172,6.283074796,5.782275286,0.401157865,0.205874047,15.01
558BT,558,Dogleg,20.02.19,Rehab,B,T,765,989.39,10.65,452.59,3,2,6.66,0,0,0,0,4,4,2,1,82,5,1.5,2,78,15,3,3,73.17567568,57.78225806,48.71794872,18,0,0,0,0,0,80,0,0,0,80,1.93,1.41,0.96,5.51,0.370238979,14.88227961,50.09207039,5.95,138.5,27.32339056,3.375691927,5.968068975,4.089154833,1.692167587,2.535286677,0.825646506,0.771691779,0.216353717,445,130,82,8,89,47,5.1,4,51,3,3,12,12,11.8,183,33.6,68.2,169.1,9.5,189.9,0.422291667,0.477519767,0.505851975,0.422388731,0.518894789,0.53678114,0.5165812,0.440281319,0.403699946,0.471178395,32826,580,741.9521739,4.138537803,3,26,0,24,5,5,38.25,0,39.125,5.166666667,1.039720771,2.089001083,0,1.998302762,1.467733929,0.000286697,0.163775803,0,0.01462156,0.000860092,26663,3730,4552.318421,7.266652124,1255,832,1499.915254,1012,6.217978772,5.996589931,0.400969594,0.215522922,9.22
558CO,558,Dogleg,20.02.19,Rehab,C,O,765,989.39,10.65,452.59,2,2,6.66,0,0,0,0,4,4,3,1,80,5,1.5,2,37,15,3,3,73.17567568,55.76612903,46.15384615,8,0,0,2,10,15,35,0,1,12,50,1.05,0.81,0.42,2.91,0.256324802,11.35278355,18.09373456,5.87,62.3,22.09794453,2.729744101,4.636130277,3.389220941,1.245300321,2.337853955,0.235876056,0.653250401,0.258837892,398,69,39,1,65,48,3.1,3,37,0,0,0,0,20.5,148.3,45.9,75.9,121.6,20.3,215.6,0.36375,0.5186391,0.526383439,0.505151216,0.562305836,0.618771504,0.720205842,0.455088174,0.377962588,0.590676092,31833,593,739.3971963,4.082923067,2,22,2,26,15,2.5,28.25,2,30.08333333,47,0.636514168,1.283646848,0.362210557,1.801382835,0.311286839,0.000215023,0.154744839,0.001218463,0.023580849,0.160335436,29897,3906,4788.383273,7.362070228,1242,794,1527.012766,942.9054878,6.307598882,5.825665652,0.360538454,0.230113904,5.83
558CT,558,Dogleg,20.02.19,Rehab,C,T,765,989.39,10.65,452.59,2,2,6.66,0,0,0,0,4,4,2,1,92,5,1.5,2,42,15,3,4,73.17567568,55.76612903,46.15384615,8,0,0,0,0,15,35,0,0,0,50,1.81,1.62,0.89,5.39,0.401684819,13.41848074,27.61666174,6,66.5,28.07770007,3.192038512,7.267579195,3.810827591,1.685617219,1.946287706,0.821118454,0.816781929,0.152542233,611,133,47,6,99,91,3.6,5,40,20,3,80,12,36.8,231.4,78.1,303.8,292.8,29.8,134.3,0.365416667,0.633090661,0.901573314,0.881719275,0.958920512,0.95993299,0.962408013,0.865539826,0.672290473,0.793575408,36358,517,669.9090909,2.66826705,3,30,1,11,6,5,40.125,1,17.25,12,1.039720771,0.920194229,0,0.916596805,0.009316957,0.000286697,0.166212729,7.16743E-05,0.011539564,0.505662271,33898,3944,5030.313107,7.297850345,1256,829,1614.915354,1019.511628,6.24322941,5.776951924,0.347594841,0.243292855,10.2
558DO,558,Dogleg,20.02.19,Rehab,D,O,765,989.39,10.65,452.59,2,2,6.66,0,0,0,0,4,4,2,1,75,4,1.5,2,45,12,3,3,69.7972973,49.71774194,38.46153846,15,0,0,10,0,0,25,0,1.5,10,25,1.71,1.68,0.79,5.47,0.426158279,12.83560656,21.09222286,5.92,52.1,29.9447492,4.018503599,6.638203254,4.171579326,1.80161421,3.566832363,0.178240345,0.790148155,0.279826724,271,65,59,4,61,34,1.7,4,31,2,1,8,4,52.8,1098.2,108.4,307.3,663.1,92.2,335.8,0.36375,0.499646942,0.714548004,0.848511922,0.921992274,0.953047187,0.859376093,0.86544935,0.588300234,0.745863253,32651,579,715.3783784,4.06235729,0,38,1,20,7,0,87,1,24.16666667,17,0,1.667819901,0,2.424863005,1.469453373,0,0.33643922,7.16743E-05,0.008027523,0.001433486,37741,3600,4614.081234,6.996680582,1159,792,1455.677215,979.1608187,6.125406815,5.191741211,0.356914243,0.297326556,5.08
558DT,558,Dogleg,20.02.19,Rehab,D,T,765,989.39,10.65,452.59,3,2,6.66,0,0,0,0,4,4,4,1,65,4,1.5,2,75,12,3,3,69.7972973,51.73387097,41.02564103,5,5,0,25,0,10,85,0,0,25,95,2.37,2.47,1.22,7.55,0.521539851,14.47636262,31.74000934,5.82,142.8,18.68322459,1.746031799,4.757395329,2.608717121,0.89770475,2.003183077,0.344686344,0.481415211,0.253918387,519,246,68,3,82,50,2.9,4,41,7,3,28,12,4.7,44.8,16.8,36.6,122.6,8.3,176.7,0.365416667,0.691554551,0.780705336,0.78431823,0.816173547,0.793749531,0.817822234,0.762013003,0.577547873,0.646082489,29274,573,732.0339806,4.226302264,0,31,0,25,8,0,87.25,0,41.66666667,8,0,1.714305846,0,1.592825705,0.625774741,0,0.240252294,0,0.042789564,0.021143922,39333,3694,4817.702564,7.115923193,1239,723,1617.479339,914.3648649,6.137173514,5.556935742,0.392638614,0.206862468,11.78
560AO,560,Deadman,19.02.19,Rehab,A,O,600,919.27,11.95,468.78,2,3,3.33,0,0,0,0,4,4,4,2,60,4,1.5,1.7,28,10.2,3,6,61.92567568,41.39112903,36.41025641,40,0,0,0,0,0,35,0,3.2,0,35,1.44,0.87,0.57,3.36,0.273557766,12.28259773,12.37475009,6.14,29.9,28.33488891,4.222773014,6.324398942,3.915879556,2.555384405,1.642898136,0.84915293,1.038332452,0.125917497,37,3,14,4,6,1,4.7,2,51,2,1,8,4,38,209.8,64.8,141.8,292.6,63.6,466.4,0.375416667,0.480850339,0.536498407,0.478328165,0.512346782,0.613349836,0.520850117,0.467053597,0.480811177,0.553116499,27008,471,594.6623377,3.775141164,9,25,2,24,8,27,35.125,2,34.66666667,12.5,1.908036835,1.493344356,0.325082973,2.235966165,1.843448997,0.001290138,0.372276376,0.001433486,0.026877867,0.002006881,29997,3358,4051.79931,7.16401673,1057,808,1247.214894,955.1114458,6.127353998,5.648850871,0.321707616,0.330085663,12.43
560AT,560,Deadman,19.02.19,Rehab,A,T,600,919.27,11.95,468.78,3,2,6.66,4,4,1,1,4,4,3,2,60,4,1.5,2,19,12,3,7,71.29807692,57.20149254,41.86046512,35,0,0,0,4,0,65,0,0,4,65,1.95,1.54,0.81,5.19,0.370151906,14.02127051,21.01506864,5.67,87.7,22.7213022,3.093148138,6.092087062,3.069873109,1.839330995,1.370485677,0.197960312,0.79161234,0.12536447,68,14,7,0.1,16,11,7,1,100,0,0,0,0,35.4,274,91.6,108,334.2,50.5,105.8,N/A,N/A,N/A,N/A,N/A,N/A,N/A,N/A,N/A,N/A,18697,581,690.5052083,4.431527657,3,33,0,21,11,3,36,0,25,15.5,0.916464886,1.441165075,0,2.186854567,1.771255499,0.000788417,0.25731078,0,0.030533257,0.006092317,35001,3352,4424.367363,7.003450455,1247,682,1612.097046,896.122549,6.253254504,5.254886571,0.372164172,0.286359785,13.53
560BO,560,Deadman,19.02.19,Rehab,B,O,600,919.27,11.95,468.78,3,2,6.66,4,4,2,2,4,4,4,2,78,5,1.5,1.7,26,12.75,3,6,76.10576923,58.60074627,45.93023256,30,0,0,0,0,0,0,0,1.8,0,0,1.38,0.82,0.49,3.29,0.278599288,11.8090754,17.0246376,5.88,47.9,23.96989723,3.338154128,5.903481639,2.998868034,2.218707081,1.034327459,0.38515264,0.971179595,0.091792772,50,3,22,4,11,4,7,1,100,2,2,8,8,52.1,404.8,310.4,106.8,867,49.9,225.6,0.375416667,0.502042541,0.573076199,0.617512628,0.638182435,0.670698486,0.679601184,0.669760468,0.512070318,0.527981687,15914,541,634.0059524,4.274216051,13,35,1,19,9,19,38.5,1,43.5,9.5,2.21674392,1.384333013,0,2.140613767,1.852798393,0.002436927,0.286840596,0.000143349,0.030604931,0.005232225,33121,3594,4387.859375,7.279125575,1130,845,1372.306306,995.7438272,6.289862629,5.699589291,0.322554834,0.319683705,11.96
560BT,560,Deadman,19.02.19,Rehab,B,T,600,919.27,11.95,468.78,3,3,3.33,0,0,0,0,4,4,4,2,50,4,1.5,1.7,21,10.2,3,2,61.92567568,43.40725806,38.97435897,40,0,0,5,5,0,45,0,0,10,45,2.43,1.9,1.07,6.56,0.473604708,13.85121367,24.74895394,5.74,154.5,22.35976645,2.766850356,5.73642599,3.068003119,1.551536141,1.347778247,0.310408715,0.826541188,0.128035044,83,16,26,4,23,5,8,2,121,0,0,0,0,102.7,855.3,197.4,165.2,1292.9,148.7,354.1,N/A,N/A,N/A,N/A,N/A,N/A,N/A,N/A,N/A,N/A,31691,584,724.8761905,4.192044744,6,27,1,23,15,10,29.5,1,36.5,51,1.732867951,1.756364121,0,2.118549552,0.093366723,0.000573394,0.071244266,7.16743E-05,0.027236239,0.221688647,36382,3791,4824.055855,7.334411207,1446,750,1804.964286,926.4691781,6.432991035,5.764881122,0.432269604,0.214440365,14.97
560CO,560,Deadman,19.02.19,Rehab,C,O,600,919.27,11.95,468.78,3,2,6.66,0,0,0,0,4,4,3,2,75,4,1.5,1.7,33,10.2,3,5,69.7972973,50.12096774,38.97435897,25,0,0,0,0,0,0,0,3,0,0,0.87,0.47,0.33,1.98,0.178572211,11.0879514,12.17474435,6.23,16.74,30.70558482,4.986257384,6.771905079,4.178161674,2.681216185,1.623811268,0.279018788,1.000762887,0.115306705,51,5,30,5,9,1.7,2.16,3,34,1,1,4,4,15.3,96.1,22.8,24.7,156.2,24.2,92.1,0.377708333,0.384298981,0.432136156,0.434222646,0.401801459,0.443971384,0.529258163,0.417676924,0.39549042,0.503165203,34690,705,919.7041667,4.354217602,15,34,1,26,12,17.57142857,56.5,1,34.16666667,12.16666667,2.608982242,1.749964927,0,2.266547381,1.768919949,0.001935206,0.240323968,0.000143349,0.025157683,0.007239106,50167,3622,4784.470149,7.146322885,1096,836,1453.855505,1068.32,6.108703165,5.559057297,0.311635131,0.309564153,10.91
560CT,560,Deadman,19.02.19,Rehab,C,T,600,919.27,11.95,468.78,3,2,6.66,3,3,10,2,4,4,2,1,80,5,1.5,2,28,15,3,2,71.29807692,59.06716418,48.8372093,10,0,0,0,0,0,10,0,0,0,10,1.52,1.21,0.65,4.2,0.353289346,11.88827246,28.73513641,5.74,60.1,21.18297156,2.1488909,5.121078127,2.805090857,1.006512076,2.191744934,0.930466758,0.551725316,0.254778731,247,109,26,6,42,26,4,1,50,3,1,12,4,13.5,172.9,32.2,35.3,80.9,21.1,100.7,0.44,0.408653693,0.470163478,0.43941947,0.492965574,0.614152895,0.476407825,0.452251461,0.411966615,0.447056847,38660,727,1100.411765,4.311665971,1,45,3,31,12,1,75.08333333,3,51.16666667,14.66666667,0,2.464790331,0.259912992,2.755650331,0.150566738,0.000143349,0.052537271,0.013904817,0.014263188,0.223265482,32039,3509,4445.368932,7.103989191,1161,707,1433.418552,886.7290076,5.981424082,5.754730567,0.394944931,0.215522922,14.36
560DO,560,Deadman,19.02.19,Rehab,D,O,600,919.27,11.95,468.78,2,3,3.33,0,0,0,0,4,4,2,1,90,5,1.5,1.7,25,12.75,3,3,65.30405405,44.51612903,40.38461538,10,0,0,0,0,0,30,0,1.8,0,30,1.34,1.1,0.53,3.23,0.275842692,11.70957251,19.57829292,5.78,51.4,35.9158445,5.384615532,7.414268829,5.14272928,2.377627968,3.141236558,0.776847105,1.315430386,0.204070915,232,20,24,4,27,39,6,2,81,3,1,12,4,12.5,109.7,21.5,23.9,182.1,23.3,196.7,0.377708333,0.439982783,0.544401163,0.573047867,0.588027618,0.629656255,0.631816339,0.566631411,0.448123121,0.523085641,20636,514,641.6818182,3.245281868,3,29,1,16,7,6,41.5,1,17.125,7.25,1.098612289,2.258060922,0,1.742116877,0.126129406,0.000215023,0.02709289,0.000143349,0.014693234,0.31565367,27584,3652,4483.066489,7.304524939,1102,733,1299.333333,934.3728814,6.209618042,5.700054107,0.334839499,0.252800527,12.85
560DT,560,Deadman,19.02.19,Rehab,D,T,600,919.27,11.95,468.78,3,2,6.66,0,0,0,0,4,4,2,1,92,5,1.5,1.7,33,12.75,3,3,73.17567568,53.24596774,42.94871795,8,20,0,0,0,0,60,0,0,0,60,1.74,1.31,0.72,4.83,0.364810351,13.23975589,20.35387468,5.62,76.6,26.03506451,3.002510707,6.28616412,3.805208617,1.325856548,3.061753135,0.234413157,0.616691477,0.271490905,343,14,30,2,22,20,9.8,2,61,0,0,0,0,148.4,1227.7,259.7,392.5,852,122,299.6,N/A,N/A,N/A,N/A,N/A,N/A,N/A,N/A,N/A,N/A,20627,489,599.0064103,3.805072297,2,24,3,23,17,2.5,26.57142857,3,26.6,23.125,0.636514168,1.313665632,0.91101754,1.199639322,0.315862557,0.000215023,0.142488532,0.000931766,0.024799312,0.241470757,36551,3360,4272.053363,7.027836163,1275,582,1605.395197,717.3760331,6.033071338,5.636551321,0.468041043,0.15014591,7.88
561AO,561,Deadman,19.02.19,Reference,A,O,630,918.60,11.95,468.78,3,2,6.66,0,0,0,0,4,4,1,1,85,5,1.5,1.7,38,12.75,3,3,73.17567568,53.24596774,42.94871795,5,0,0,0,10,0,15,0,1.8,10,15,1.52,1,0.83,4.14,0.283151444,14.62115096,47.68637862,5.69,22.3,24.18540042,3.055111549,6.509554147,3.220407213,1.182113325,1.656913242,0.694483788,0.582541796,0.146364749,430,55,71,4,86,27,0.4,4,14,0,0,0,0,24.5,256.3,66.2,117.3,262.9,25.8,57.8,0.295416667,0.499185499,0.575016281,0.617688586,0.63195698,0.613094358,0.556669693,0.61401238,0.518393365,0.506413561,36245,539,745.1746988,3.817174546,3,37,1,10,7,3.5,43.75,1,11.5,10,0.955699891,1.525526945,0,2.015499856,0.540605981,0.00050172,0.442588876,0.000143349,0.002150229,0.012041284,38019,3197,4179.22082,6.770921536,883,714,1213.470588,913.9384615,5.483257158,5.517860311,0.324531677,0.270309705,7.78
561AT,561,Deadman,19.02.19,Reference,A,T,630,918.60,11.95,468.78,3,2,6.66,0,0,0,0,3,3,1,1,67,4,1.5,2,41,12,3,3,63.04054054,51.73387097,41.02564103,8,0,0,0,25,0,55,0,0,25,55,1.76,1.12,1.17,5.21,0.316413292,16.46580639,45.81652323,5.71,23.7,43.37749783,5.550177888,12.49067526,5.31537904,2.329686806,2.484444992,0.861484929,1.212475828,0.116926725,224,46,54,3,45,26,0.27,1,5,0,0,0,0,14,170.9,37,36.3,75.9,22.1,142.7,0.34375,0.585008918,0.688507736,0.743481067,0.78629786,0.836950243,0.814298699,0.761874469,0.597957615,0.610983614,45229,650,884.1621622,4.028108816,1,52,2,18,12,1,58.5,3,19.5,22.66666667,0,1.871697194,0.693147181,2.431679845,1.823170447,0.000143349,0.504587156,0.000143349,0.007382454,0.002078555,31041,3359,4229.263675,6.910206959,969,783,1133.665919,972.4421769,5.868324387,5.594250035,0.315682952,0.298079639,8.84
561BO,561,Deadman,19.02.19,Reference,B,O,630,918.60,11.95,468.78,4,2,6.66,0,0,0,0,2,3,1,1,45,3,1.5,1.7,30,7.65,3,4,56.28378378,44.97983871,32.43589744,5,0,0,0,50,0,55,0,1.2,50,55,1.48,0.88,0.79,4.07,0.289360618,14.06549386,78.80655579,6.02,41.3,25.05385154,3.170318352,6.629606003,3.467634774,1.389308804,1.53312646,0.229441263,0.771697775,0.130426037,144,33,53,0,17,20,0.22,1,5,0,0,0,0,5.9,167.7,28.3,150.9,233.2,12.6,133.8,0.295416667,0.549948789,0.622891245,0.700016704,0.760419704,0.807181228,0.74633404,0.751076248,0.619947408,0.616632745,27398,635,790.537234,4.774752443,5,31,3,13,11,6,41.66666667,3,17,17.25,1.522955068,1.888607872,0.600482908,1.387711362,1.052551472,0.000645069,0.223050459,0.005375573,0.014191514,0.007740826,41327,3668,4640.664024,7.044447781,1240,736,1531.030303,913.4150327,6.050946603,5.589403391,0.408029747,0.217076156,4.74
561BT,561,Deadman,19.02.19,Reference,B,T,630,918.60,11.95,468.78,2,2,6.66,0,0,0,0,4,4,2,2,80,5,1.5,2,92,15,3,4,73.17567568,57.78225806,48.71794872,20,0,0,0,0,45,40,0,0,0,85,2.25,1.45,1.28,6.5,0.372430866,17.45290362,61.87807147,6.23,35.4,33.44929742,4.431590157,9.506946545,4.468274575,2.032694416,1.458318729,0.780574804,1.236835471,0.087805112,470,270,71,2,68,26,0.49,1,5,4,2,16,8,7.8,182.5,30.8,173.5,281.5,19.4,148.4,0.34375,0.544763562,0.64746137,0.689872641,0.687195779,0.679569491,0.705936519,0.646914848,0.538443209,0.541639115,30888,723,905.4950495,4.720820485,6,45,3,17,15,6.666666667,55.5625,3,21,19.16666667,1.626020692,1.359401698,0.836774226,2.421259008,1.820154601,0.000931766,0.196172592,0.001576835,0.005303899,0.008099197,35999,3580,4569.858179,6.987496075,1192,787,1540.06278,1029.648649,6.026980242,5.77388814,0.390661772,0.214063824,12.46
561CO,561,Deadman,19.02.19,Reference,C,O,630,918.60,11.95,468.78,2,2,6.66,0,0,0,0,4,4,3,2,75,4,1.5,1.7,71,10.2,3,8,69.7972973,48.10483871,36.41025641,25,0,0,0,0,25,75,0,4.5,0,100,1.3,0.57,0.74,3.24,0.237019108,13.66978397,62.14223788,6.38,28.9,30.63841749,4.17138104,9.124043229,4.006516814,2.029760012,1.363256031,0.173366702,1.146802298,0.086266859,582,179,69,47,56,33,6.6,1,100,0,0,0,0,4,23.8,5.8,6.3,38.7,6.2,196.7,0.329791667,0.509363826,0.594100318,0.638292468,0.647306725,0.621637381,0.520504486,0.597325945,0.491619729,0.528682776,27683,728,902.724,4.762806813,3,42,1,13,10,4,52.5625,1,15.25,18,0.950270539,1.696643582,0,2.173801425,1.863568747,0.000358372,0.233944954,0.001791858,0.005447248,0.003081995,35157,3668,4747.840241,7.088828636,1106,868,1402.421053,1076.790698,6.134287778,5.77314753,0.326555587,0.284194672,10.02
561CT,561,Deadman,19.02.19,Reference,C,T,630,918.60,11.95,468.78,3,2,6.66,0,0,0,0,4,4,4,2,65,4,1.5,2,75,12,3,4,69.7972973,53.75,43.58974359,35,0,0,0,0,10,45,0,0,0,55,1.39,0.77,0.74,3.6,0.248835197,14.46740672,35.9864447,6.03,27.3,28.03355141,3.70607844,7.824495366,3.850323139,1.461292698,1.343444496,0.28426028,0.78889246,0.098186419,638,91,81,13,52,46,5.3,4,43,5,3,20,12,15.8,157.7,59.2,96.2,231.2,22.6,92.4,0.32,0.640178886,0.777025156,0.823887205,0.833973085,0.855658723,0.792975112,0.759376096,0.588663349,0.695395594,35157,567,720.125,4.265137828,2,40,1,18,10,2.5,58,1,28.66666667,12.25,0.636514168,2.016303963,0,2.229361043,1.602992688,0.000215023,0.449541284,0.000860092,0.007454128,0.006665711,36829,3268,4249.102041,6.85513453,956,728,1218.31044,904.9601449,5.795030108,5.450023072,0.324013932,0.272427751,7.46
561DO,561,Deadman,19.02.19,Reference,D,O,630,918.60,11.95,468.78,3,2,6.66,0,0,0,0,4,4,4,2,60,4,1.5,1.7,37,10.2,3,9,69.7972973,50.12096774,38.97435897,30,0,0,0,10,0,0,0,3.5,10,0,1.28,0.59,0.8,3.44,0.220457419,15.60392033,36.46128005,6.15,19.31,27.72469562,3.666590162,7.26282257,3.813539505,1.622049339,1.635198892,0.311607316,0.824040055,0.124994903,236,50,44,7,27,15,1.1,3,11,0,0,0,0,0.9,111.6,11.5,44.1,174.3,3.9,107.1,0.329791667,0.602560906,0.689796384,0.765757691,0.811646001,0.830834142,0.748953508,0.735698954,0.586851593,0.6877327,39860,762,941.2682927,4.939260294,3,48,2,20,10,3.5,54.25,2,22.5,12.25,0.955699891,2.414846035,0.233791659,2.592732436,1.762291727,0.00050172,0.135392775,0.001146789,0.006594037,0.005877294,34555,3226,3936.035714,6.878207641,957,683,1126.455224,820.6260163,5.84310588,5.521176047,0.338981455,0.254024287,8.08
561DT,561,Deadman,19.02.19,Reference,D,T,630,918.60,11.95,468.78,4,2,6.66,0,0,0,0,3,3,3,2,60,4,1.5,1.7,45,10.2,3,9,63.04054054,52.13709677,41.53846154,20,0,0,0,20,5,65,0,0,20,70,1.57,0.99,0.91,4.39,0.291836598,15.04266441,39.8978732,5.7,58.1,49.62176678,5.995988539,13.36048663,6.470272131,2.392730772,3.416639712,0.272730809,1.155163432,0.146419556,140,49,39,0.1,17,13,0,0,0,0,0,0,0,4.8,42.6,11,17.1,47.9,7.8,73.5,0.32,0.562896229,0.685297043,0.732134081,0.717753656,0.68763997,0.705017866,0.635361913,0.513397196,0.5136691,28950,708,833.6521739,4.877954463,0,36,4,18,12,0,36.75,4,26,14.25,0,1.936247997,0.887271384,1.977017429,1.150370596,0,0.204271789,0.007167431,0.008672592,0.008385894,35998,2975,3820.121212,6.653935524,918,653,1119.894118,825.7782258,5.659773899,5.335802173,0.379506731,0.253130001,6.94
562AO,562,Deadman,19.02.19,Reference,A,O,590,925.32,11.84,467.41,2,3,3.33,0,0,0,0,4,4,4,2,70,4,1.5,1.7,33,10.2,3,9,61.92567568,41.39112903,36.41025641,30,0,0,0,0,0,0,0,4,0,0,2.73,1.53,2.04,7.78,0.363480141,21.40419553,103.9408802,5.54,174.4,66.53180805,9.640624988,20.93735707,8.996419656,4.883267014,1.456865338,0.420354713,2.415530717,0.041122606,255,22,54,59,59,30,0.63,4,28,0,0,0,0,25.4,210.7,48.7,130.2,493.3,40.3,113,N/A,N/A,N/A,N/A,N/A,N/A,N/A,N/A,N/A,N/A,26518,775,986.1205674,4.407844078,16,59,1,18,14,19,71.5,1,24,16.25,2.085917446,2.406123168,0,2.366427471,0.189826504,0.003942087,0.33543578,0.000430046,0.005518922,0.17287844,35861,3868,5079.522494,7.203572088,1121,905,1419.908297,1185.994152,6.145689262,5.711091691,0.307116634,0.280523393,19.66
562AT,562,Deadman,19.02.19,Reference,A,T,590,925.32,11.84,467.41,3,2,6.66,0,0,0,0,4,4,4,1,65,4,1.5,2,55,12,3,7,69.7972973,51.73387097,41.02564103,35,0,0,0,0,0,85,0,0,0,85,3.02,1.69,2.49,8.63,0.381368582,22.62902714,116.3157301,5.73,167,64.94690993,9.260192711,19.5817956,8.112503731,4.621285469,1.535845643,1.530692402,2.056224557,0.044679728,471,143,125,15,100,64,2,1,10,9,5,36,20,25.7,208,39.8,90.3,290.6,38.5,145.1,0.356666667,0.557205202,0.737175475,0.730186015,0.778964895,0.848452884,0.772920332,0.72556336,0.566379179,0.698383108,28389,578,713.375,4.136582974,0,53,5,15,16,0,57.5,7,17.66666667,20,0,1.945603096,1.33166431,1.844238361,2.180667166,0,0.370484518,0.00100344,0.006952408,0.009389335,35304,3598,4538.838351,7.056416797,1100,826,1380.977578,1011.390805,6.023464517,5.716215666,0.335922056,0.251106091,18.45
562BO,562,Deadman,19.02.19,Reference,B,O,590,925.32,11.84,467.41,2,2,6.66,0,0,0,0,4,4,4,2,65,4,1.5,1.7,35,10.2,3,5,69.7972973,48.10483871,36.41025641,35,0,0,0,0,25,0,0,2.5,0,25,4.19,3.17,2.6,12.38,0.585953202,21.12796714,80.17518545,5.63,128.4,78.47089208,11.85800133,25.03189005,9.948865484,5.588925059,1.63284335,1.252981859,2.636986325,0.038096853,225,10,34,13,87,29,1.8,5,18,3,2,12,8,13.7,77.8,24.9,46,97.4,13,303.3,0.431666667,0.490007216,0.549873052,0.642231307,0.647652778,0.655041754,0.638103248,0.586615172,0.472914671,0.618130607,13952,552,609.9602273,4.409699778,6,49,2,15,10,6,51.5,2,15.1,13,1.571004499,2.152775827,0.450561209,2.373388274,1.650222031,0.002436927,0.44266055,0.000430046,0.005303899,0.01046445,28818,3253,4032.5503,6.904614987,926,783,1169.93865,972.5211268,6.063841882,5.357608126,0.267673915,0.303115881,26.24
562BT,562,Deadman,19.02.19,Reference,B,T,590,925.32,11.84,467.41,2,2,6.66,0,0,0,0,4,4,2,1,90,5,1.5,2,45,15,3,4,73.17567568,55.76612903,46.15384615,10,0,0,0,0,10,80,0,0,0,90,2.66,1.35,1.97,7.46,0.346501522,21.52948698,106.4983767,6.02,84.9,52.17332785,9.628545993,7.606372793,7.949899387,5.415374149,1.114441229,0.437360715,2.574139515,0.047593677,673,136,78,42,239,94,0.51,1,5,59,6,236,24,50.4,284.1,91.1,168,355.6,47.9,303.3,0.356666667,0.642561736,0.662392423,0.734191113,0.738924944,0.773510558,0.731833193,0.664537033,0.440769295,0.588686983,21616,642,729.1973684,4.743502055,18,48,2,15,22,24.25,60,2,15.9,32.125,2.229829597,2.445792376,0.500402424,1.585445505,2.130789104,0.006952408,0.233586583,0.000358372,0.01462156,0.012256307,38328,3905,4959.500595,7.253729656,1081,979,1336.103814,1268.219512,6.139269228,5.789768004,0.292337381,0.319448367,24.39
562CO,562,Deadman,19.02.19,Reference,C,O,590,925.32,11.84,467.41,3,2,6.66,1,2,1,1,3,3,3,1,65,4,1.5,1.7,21,10.2,3,5,54.47115385,48.24626866,35.34883721,20,0,0,0,15,0,0,0,3.4,15,0,1.17,0.58,0.79,3.15,0.206988762,15.21821748,48.74524574,5.9,58,39.79201333,6.072502319,10.7018947,5.468139501,2.877238383,1.214833677,0.512678851,1.564242559,0.061344609,177,19,32,75,18,9,0.53,2,2,2,2,8,8,2.7,25.5,6.8,11.8,26.1,2.9,434,N/A,N/A,N/A,N/A,N/A,N/A,N/A,N/A,N/A,N/A,23384,727,936.1942149,4.71905567,22,40,3,22,10,23.6,49,3,32.125,10.66666667,2.827827929,1.762768061,0.227039618,1.422484652,1.514646979,0.005590596,0.16090883,0.007024083,0.030676606,0.00680906,40048,4220,5422.880192,7.347190631,1198,1018,1515.788538,1238.370614,6.353305696,5.804162872,0.28485362,0.313235433,11.78
562CT,562,Deadman,19.02.19,Reference,C,T,590,925.32,11.84,467.41,3,2,6.66,0,0,0,0,4,4,4,1,60,4,1.5,2,22,12,3,8,69.7972973,51.73387097,41.02564103,40,10,0,0,0,20,45,0,0,0,65,2.72,1.78,2,8.04,0.407044728,19.75212907,88.26500654,5.98,125.2,57.41009597,8.106141454,17.36710824,7.5629616,3.851545293,2.420076719,0.282682495,2.153778491,0.079741482,407,68,44,26,89,75,0.62,1,5,2,2,8,8,32.9,227.1,50.8,122.2,253,28.3,218.4,0.39625,0.528087996,0.638402932,0.647519563,0.71648458,0.769404267,0.754225904,0.654348259,0.421577033,0.597110988,24959,684,819.5088496,4.78974174,13,47,1,27,11,16.6,50.0625,1,31.9,15.16666667,2.397922272,2.292427677,0,2.81636845,1.484010559,0.001791858,0.277307913,0.000931766,0.008744266,0.004085436,36260,3823,4961.171856,7.117315988,1251,869,1594.889113,1091.426471,6.237506835,5.652998636,0.345617999,0.273980985,16.2
562DO,562,Deadman,19.02.19,Reference,D,O,590,925.32,11.84,467.41,2,2,6.66,0,0,0,0,4,4,4,2,70,4,1.5,1.7,27,10.2,3,7,69.7972973,48.10483871,36.41025641,30,0,0,0,0,10,40,0,2,0,50,1.59,0.96,0.99,4.4,0.28162228,15.62376388,55.91111205,N/A,N/A,69.27619279,9.956427585,19.89735996,9.346745538,4.402402211,2.322509496,0.677405853,2.157057882,0.066057177,290,30,36,38,57,23,0.61,4,10,1,1,4,4,18.4,131.8,20.2,91.8,133.9,11.5,312.6,N/A,N/A,N/A,N/A,N/A,N/A,N/A,N/A,N/A,N/A,26481,598,800.4402174,4.348651477,12,43,5,13,12,18.25,99.25,6,22,18.25,1.900228464,2.242986916,1.401945459,2.098759552,1.566593226,0.004013761,0.36037844,0.001075115,0.003942087,0.009102638,31055,3442,4236.085048,6.996186613,981,825,1183.586124,962.7834395,5.979282373,5.640322359,0.288477831,0.303586557,18.17
562DT,562,Deadman,19.02.19,Reference,D,T,590,925.32,11.84,467.41,2,2,6.66,0,0,0,0,4,4,5,3,45,3,1.5,2,48,9,3,6,66.41891892,47.7016129,35.8974359,55,0,0,0,0,0,50,0,0,0,50,3.16,2.17,2.15,9.15,0.461245209,19.83760442,113.5356399,6.19,74.2,51.35742411,6.568460487,15.57716318,6.242849366,3.190943333,2.501799283,1.481271153,1.615595227,0.095666606,141,30,22,9,32,20,0.1,2,5,1,1,4,4,25.2,258.6,28.8,176.2,262.8,11.1,312.6,0.39625,0.545008017,0.579043326,0.433251892,0.572579289,0.603322755,0.563710527,0.455268479,0.399028489,0.467544347,45985,595,797.0824742,3.706804785,2,41,2,16,10,2,49.1,2.5,17.78571429,12.25,0.562335145,2.162113073,0.636514168,2.637135437,0.076307572,0.000286697,0.149655963,0.000215023,0.002508601,0.254013761,34670,3455,4433.946244,7.004481288,1106,733,1356.195349,952.5503876,5.967306248,5.560430783,0.363174245,0.23689165,15.2
563AO,563,Dogleg,20.02.19,Reference,A,O,785,974.57,10.81,454.18,3,2,6.66,0,0,0,0,3,3,2,2,60,4,1.5,1.3,29,7.8,3,3,63.04054054,45.28225806,32.82051282,5,0,0,0,35,5,0,0,6,35,5,1.59,0.99,0.78,4.2,0.277327592,15.14454431,93.08732082,6.12,29.9,32.5514101,4.699835293,7.767901277,4.172051067,1.971117415,2.631857404,0.337340633,1.001606869,0.17921534,133,37,49,2,17,3.2,0.68,3,20,0,0,0,0,27.3,92.8,34.9,52.3,56.5,28.5,273.6,0.362708333,0.418321282,0.422134672,0.405132259,0.441263669,0.456089772,0.533938901,0.36468492,0.331086225,0.432193537,30327,766,1000.102459,4.558772778,9,40,0,20,11,13.16666667,76,0,44.5,15,2.061112833,2.225240727,0,2.022270873,2.233949243,0.001075115,0.129802179,0,0.014334862,0.002006881,33878,3793,4946.033592,7.142756305,1141,788,1545.060386,958.6451613,6.116495533,5.603498455,0.32161348,0.270168502,3.31
563AT,563,Dogleg,20.02.19,Reference,A,T,785,974.57,10.81,454.18,3,2,6.66,0,0,0,0,4,4,2,1,95,5,1.5,2,100,15,3,4,73.17567568,57.78225806,48.71794872,5,35,0,0,0,0,0,0,0,0,0,2.87,2.02,1.69,8.19,0.440165993,18.60661691,110.6041514,6.46,73.7,59.468771,6.1084571,17.94331211,7.88162752,2.951810768,4.958892983,1.144643699,2.163453124,0.17048458,463,151,75,4,115,71,2,2,31,0,0,0,0,23.2,365.8,126.7,230.7,286.5,53.9,233.6,0.350833333,0.481092355,0.573309231,0.599087655,0.6444753,0.662707298,0.649902671,0.595344858,0.491869283,0.542609361,26025,571,741.005814,4.425604768,7,43,4,11,11,7.166666667,62.6,4,11.25,12,1.849996062,2.244534073,1.261878478,1.210394793,1.746754635,0.001361812,0.265409977,0.004515482,0.010822821,0.009891055,29079,3092,3723.407031,6.887785223,1049,555,1239.786765,682.7355769,5.892916974,5.471312454,0.411701026,0.163936741,12.18
563BO,563,Dogleg,20.02.19,Reference,B,O,785,974.57,10.81,454.18,4,2,6.66,0,0,0,0,4,4,2,2,85,5,1.5,1.7,72,12.75,3,3,73.17567568,57.27822581,48.07692308,15,0,0,0,0,30,25,0,2.5,0,55,1.45,1.09,0.73,4.33,0.256606948,16.87405598,47.19836929,5.55,40.5,35.4774543,4.604788109,8.8098018,4.937018034,1.891186932,2.347945285,0.994840355,0.738241681,0.145175142,240,35,47,3,55,60,2.8,4,38,3,1,12,4,54.9,267.6,85.3,89.1,871.1,52.6,156.4,0.362708333,0.409785778,0.506786025,0.562298172,0.62928821,0.63942566,0.57231028,0.582127685,0.477789404,0.523252393,27247,521,692.8550725,4.345364293,1,42,3,12,12,1,54,3.5,12.66666667,14.25,0,2.061629716,0.848685558,2.19480417,0.863505249,7.16743E-05,0.267416858,0.000645069,0.004730505,0.03125,39333,3040,3899.945967,6.58031433,874,704,1132.925824,879.1021127,5.333140627,5.408802712,0.317424456,0.27793467,6.58
563BT,563,Dogleg,20.02.19,Reference,B,T,785,974.57,10.81,454.18,3,2,6.66,0,0,0,0,4,4,3,2,75,4,1.5,2,110,12,3,5,69.7972973,53.75,43.58974359,20,0,0,0,5,0,40,0,0,5,40,1.57,0.94,0.68,4.09,0.251649457,16.25276703,81.14060112,5.97,28.5,31.78101558,4.479759079,8.449380396,4.048804017,1.731790336,1.647543474,0.632273462,1.027008026,0.108043185,354,77,66,2,48,25,4.5,1,70,1,1,4,4,542.5,4293.5,462.4,2399.7,11281.2,434.9,16.1,0.350833333,0.455495899,0.505020707,0.522478156,0.546157394,0.521861269,0.524857707,0.498963988,0.459079673,0.445096971,29719,580,773.6,4.384818476,1,38,2,13,11,1,44.75,2,25.5,13.25,0,2.096273111,0.276190922,1.894681422,1.17173358,0.000143349,0.164205849,0.005447248,0.004945528,0.011754587,40195,3509,4711.557284,6.887808173,1007,782,1319.009524,989.6737589,5.856518087,5.592549762,0.298832721,0.289325049,7.25
563CO,563,Dogleg,20.02.19,Reference,C,O,785,974.57,10.81,454.18,3,2,6.66,0,0,0,0,4,4,3,2,80,5,1.5,2,96,15,3,5,73.17567568,59.7983871,51.28205128,20,0,0,0,0,0,0,0,6,0,0,1.55,1.06,0.72,4.01,0.253062558,15.84588427,69.69934096,5.31,56.3,33.81682712,4.161271703,8.526454971,4.671929246,1.676134903,2.840272978,0.774146546,0.806594398,0.184382417,210,48,43,16,52,43,0.8,2,19,0,0,0,0,15.3,120.9,23.3,58.8,134.4,18.1,100,0.356666667,0.469281736,0.619650868,0.563329386,0.522117878,0.635994448,0.606177078,0.631976151,0.446617415,0.512067923,26730,647,786.7227723,4.495943151,0,45,4,20,10,0,48.6,4,24.5,14.5,0,2.338499609,1.001485768,2.540190946,1.645453702,0,0.359016628,0.005303899,0.006163991,0.005447248,41815,3297,4353.449165,6.79176143,873,738,1157.169643,912.9178082,5.579979483,5.458909425,0.287960087,0.29845618,7.69
563CT,563,Dogleg,20.02.19,Reference,C,T,785,974.57,10.81,454.18,4,2,6.66,0,0,0,0,4,4,5,2,95,5,1.5,2,125,15,3,6,73.17567568,61.81451613,53.84615385,5,0,0,0,0,80,45,0,0,0,125,2.39,1.56,1.4,6.57,0.333028821,19.72802229,96.31648102,5.62,56.3,43.08893756,4.986647775,11.7766587,5.648915875,2.017523016,3.248697979,0.89946027,0.889778542,0.160872429,352,79,59,1,65,54,3.6,5,63,1,1,4,4,26.8,163.9,40.7,118.3,260,33.8,209.5,0.359166667,0.530502593,0.674735122,0.689980847,0.721918841,0.736593323,0.69892769,0.655050249,0.427021934,0.59722318,26997,659,825.0540541,4.449223149,2,42,2,16,10,2,47.0625,2,22,11.5,0.562335145,1.928541864,0.673011667,2.308862485,0.985471309,0.000286697,0.258529243,0.000358372,0.004372133,0.021573968,37302,2970,3798.039075,6.514910823,911,711,1100.810096,896.9212329,5.503846211,5.334035261,0.329520851,0.263249553,6.54
563DO,563,Dogleg,20.02.19,Reference,D,O,785,974.57,10.81,454.18,3,2,6.66,0,0,0,0,4,4,4,2,60,4,1.5,2,65,12,3,3,69.7972973,53.75,43.58974359,40,0,0,0,0,55,0,0,4.5,0,55,2.21,1.24,1.28,5.68,0.314403331,18.06596637,81.72651833,5.87,40.5,131.4910882,19.80778201,32.894895,17.31909819,8.723322242,7.461813273,1.414360389,3.562914247,0.118751139,389,39,46,3,74,57,3.6,3,61,4,4,16,16,11.3,82.8,28.1,33.1,100.9,15.8,64.6,N/A,N/A,N/A,N/A,N/A,N/A,N/A,N/A,N/A,N/A,33900,572,767.0059524,4.35994873,2,34,2,19,10,3,70,2,23.08333333,20,0.693147181,2.161223841,0.173205207,2.695210928,2.015809818,0.000143349,0.292789564,0.006880734,0.003583716,0.002221904,37440,3607,4630.824786,6.88148369,1083,826,1442.12,1045.202941,5.919529577,5.561164865,0.303068813,0.285230161,7.25
563DT,563,Dogleg,20.02.19,Reference,D,T,785,974.57,10.81,454.18,4,2,6.66,0,0,0,0,4,4,2,2,90,5,1.5,2,120,15,3,7,73.17567568,61.81451613,53.84615385,10,0,0,0,0,15,60,0,0,0,75,2.1,1.39,1.13,5.49,0.301222764,18.22571419,111.5548171,6.01,50.5,35.02549051,4.542863067,8.601728282,4.963711831,2.271345281,3.037194366,0.654633216,0.72173896,0.190424408,811,148,89,8,107,99,10.1,3,204,5,3,20,12,20.3,241,76.3,133.1,192.8,22.3,102.4,0.359166667,0.533400779,0.60013044,0.632330241,0.642953337,0.624754022,0.632736079,0.632100574,0.491995229,0.498891306,41673,616,814.0441176,4.300234911,3,39,0,12,13,4,49.125,0,18.25,16,0.867563228,1.774290596,0,2.148483684,2.311487995,0.000430046,0.238460436,0,0.00315367,0.006092317,31611,3017,3818.6008,6.677164475,1041,587,1323.880952,692.1755725,5.660751949,5.467141637,0.43965923,0.179045467,7.55
564AO,564,Dogleg,21.02.19,Reference,A,O,795,980.37,10.74,453.43,3,2,6.66,0,0,0,0,4,3,3,1,70,4,1,2,34,8,3,3,66.41891892,43.66935484,30.76923077,15,0,0,0,15,25,15,0,6,15,40,1.99,1.15,1.26,5.47,0.266773002,20.50432377,28.16648987,5.94,51.3,32.66094871,4.928176915,7.202100026,4.956861786,2.297048597,2.201245717,0.260804427,0.936859834,0.148253413,561,48,6,54,39,3.9,0,3,47,4,3,16,12,10.4,107.5,16.7,10.9,67.8,5.1,180.4,0.302291667,0.544444026,0.560613251,0.577435022,0.612655459,0.692271574,0.812655276,0.534205777,0.407868935,0.690671562,21567,631,767.9273504,4.652315844,3,38,2,23,13,3,42.57142857,2,31.1,19.25,0.897945725,2.061444519,0.450561209,1.649533874,1.784978316,0.000716743,0.181837729,0.000430046,0.016843463,0.010822821,47901,3856,5076.868902,7.155804094,1334,768,1715.820076,974.4806452,6.129164906,5.692935565,0.42624494,0.223383225,6.21
564AT,564,Dogleg,21.02.19,Reference,A,T,795,980.37,10.74,453.43,4,2,6.66,0,0,0,0,3,3,3,1,78,5,1.5,1.7,33,12.75,3,5,66.41891892,55.26209677,45.51282051,5,0,0,15,0,15,65,0,0,15,80,1.64,0.97,0.76,3.98,0.2698795,14.74732242,19.34756808,6.29,57,25.57331968,3.323432413,6.353370327,3.341990502,1.391307012,2.437089698,0.112506099,0.8119688,0.207586148,262,58,46,2,35,26,1.6,3,23,2,2,8,8,3.1,99.1,9,52.9,116.8,9.5,355.2,0.227916667,0.670770014,0.759210176,0.785438282,0.764154942,0.873677665,0.849413904,0.785602723,0.622336971,0.614795907,32806,604,780.4045455,3.939815845,1,38,0,17,5,1,42,0,29.25,5,0,1.817510636,0,0.692798653,1.407045285,0.000143349,0.429544151,0,0.032038417,0.002078555,43219,3966,5380.884102,7.094340011,1314,860,1820.472689,1124.275568,6.27329952,5.579978172,0.346512285,0.257083686,4.05
564BO,564,Dogleg,21.02.19,Reference,B,O,795,980.37,10.74,453.43,3,2,6.66,0,0,0,0,3,3,3,1,55,4,1,1.7,28,6.8,3,3,63.04054054,41.25,27.69230769,15,0,0,0,30,15,0,0,3,30,15,1.74,1.16,0.8,4.58,0.296215466,15.46171801,18.89129364,5.7,70.4,32.90418055,3.815016507,7.540816961,4.775043588,1.675310143,3.646949081,0.750510323,0.640401088,0.256755983,318,57,44,7,36,17.2,7.5,4,61,0,0,0,0,31,320.7,113.7,196.8,447.5,61.5,196.2,0.302291667,0.591658953,0.803634912,0.929869902,0.960747227,1.016009109,0.97112457,0.949308666,0.69235753,0.784086713,28374,730,912.9137931,5.157577297,3,42,3,24,5,5,57.125,3.5,32,5,1.039720771,2.617424338,1.011404265,1.786130781,0.714459374,0.000286697,0.07547305,0.000430046,0.018133601,0.003225344,40869,3392,4578.847889,6.788765665,1245,633,1643.098253,915.4490741,6.055693313,5.144200672,0.422479526,0.208133296,3.62
564BT,564,Dogleg,21.02.19,Reference,B,T,795,980.37,10.74,453.43,3,2,6.66,0,0,0,0,4,4,2,1,98,5,1.5,2,77,15,3,3,73.17567568,57.78225806,48.71794872,0,0,0,0,0,25,75,0,0,0,100,2.37,1.66,1.33,6.54,0.367161597,17.81232038,25.27888757,6.23,96.3,28.34328762,2.913471348,8.008259083,3.916373891,0.145555394,1.5008452,0.847617426,0.661720195,0.112437126,519,157,76,5,123,68,9.8,3,125,6,3,24,12,7.9,62.9,4.2,11.8,43.6,8.6,52.2,0.227916667,0.621206833,0.774241202,0.827354339,0.856443085,0.845869278,0.859545414,0.772116052,0.630064652,0.644080225,34504,732,976.2130435,4.76371274,7,49,2,22,15,7.5,65,2,30,23.16666667,1.680624639,1.836236129,0.223718076,2.722656658,1.738323319,0.004013761,0.206493693,0.002436927,0.006163991,0.007740826,40349,3420,4520.595687,6.752983324,1187,687,1525.305447,911.4383562,5.951034609,5.248928042,0.384825379,0.214911042,9.49
564CO,564,Dogleg,21.02.19,Reference,C,O,795,980.37,10.74,453.43,3,2,6.66,0,0,0,0,4,4,2,1,90,5,1,2,85,10,3,3,73.17567568,47.7016129,35.8974359,5,0,0,0,5,30,0,0,3,5,30,2.75,2.29,1.43,7.58,0.415147511,18.25857025,22.47857864,N/A,N/A,19.10028677,1.882991832,4.804408085,2.489953094,0.920375324,2.292757242,0.138069799,0.439995222,0.286109645,1051,253,60,26,85,32,3.5,4,51,1,1,4,4,12.9,152.6,14.7,34.5,73,3.5,92.7,N/A,N/A,N/A,N/A,N/A,N/A,N/A,N/A,N/A,N/A,26326,606,830.45,4.208844885,4,29,1,16,18,6,34.78571429,1,52,50,1.213007566,1.169746987,0,1.592985864,0.570520488,0.000573394,0.287055619,0.000143349,0.01146789,0.034618693,35194,3562,4695.260359,6.971655515,1269,657,1612.791506,832.3553719,5.993363228,5.541531081,0.436976372,0.196413443,3.83
564CT,564,Dogleg,21.02.19,Reference,C,T,795,980.37,10.74,453.43,3,2,6.66,0,0,0,0,3,3,2,2,30,3,1.5,1.7,36,7.65,3,2,59.66216216,44.97983871,32.43589744,5,0,0,5,60,15,40,0,0,65,55,1.98,1.63,1.02,5.58,0.34490221,16.17849882,29.0956961,N/A,N/A,16.31045771,1.481697973,3.896293721,2.149645502,0.63219151,2.121128587,0.280818788,0.317535909,0.325528245,284,76,42,2,20,11.6,2.1,3,41,2,2,8,8,6.9,12.3,1.4,21.1,54.5,6.6,179.5,0.3625,0.830473967,1.258504185,1.492820345,1.065631822,1.19980578,1.326091937,1.360478582,0.448937031,1.078851827,29751,726,950.1525424,4.465226658,1,49,1,21,9,1,67,1,24.6,21.5,0,2.001671883,0,2.78907629,1.858761471,7.16743E-05,0.3125,0.000143349,0.004587156,0.001648509,51585,3358,4652.061738,6.771308332,1184,598,1606.633772,792.4672897,5.860635577,5.240768645,0.419655465,0.203756001,4.21
564DO,564,Dogleg,21.02.19,Reference,D,O,795,980.37,10.74,453.43,4,2,6.66,4,4,10,2,4,4,2,1,85,5,1,1.7,71,8.5,3,4,76.10576923,50.67164179,36.04651163,5,0,0,0,0,15,10,0,0.9,0,25,1.25,0.65,0.55,2.82,0.20107138,14.02487016,17.68310604,5.94,33,24.52541741,3.747007049,4.668468356,3.758421177,1.499347086,2.405945928,0.372563452,0.492637309,0.235203093,433,74,20,20,74,61,4.4,5,58,4,2,16,8,12.9,135.5,29.9,67.3,83.1,11.5,57.3,0.432083333,0.628075775,1.328570945,1.083878955,0.872690723,1.332800185,1.393196107,1.052083862,0.396964007,1.154491996,23990,621,791.5263158,4.20921006,1,37,0,20,7,1,61.5,0,23.125,9,0,1.171044878,0,1.811964574,1.26848254,7.16743E-05,0.160335436,0,0.013044725,0.003727064,38296,3409,4515.964235,6.889717349,1093,740,1427.26087,886.2305389,5.942834088,5.3956944,0.369387179,0.269085946,3.49
564DT,564,Dogleg,21.02.19,Reference,D,T,795,980.37,10.74,453.43,4,2,6.66,0,0,0,0,3,1,2,1,15,2,1.5,1.3,26,3.9,3,1,49.52702703,37.41935484,22.82051282,5,0,0,5,75,15,30,0,0,80,45,2.5,2,1.84,8.16,0.329601775,24.7571482,82.97493722,4.88,99.7,35.78874209,3.883846376,8.219329812,5.281533295,2.049274301,4.271857754,0.556300934,0.470980196,0.284752096,122,25,24,0,4,1,1.3,3,19,0,0,0,0,26.6,536.6,210,385.4,455.2,77.7,73.7,0.3625,0.920122909,0.847724387,0.989610579,0.866343408,1.168549394,0.914126129,0.964270413,0.45090436,0.780671196,30440,654,821.6039604,4.735592171,5,21,1,10,11,11,29,1,11,23.5,1.303092404,1.730712822,0,1.989952457,0.579942467,0.000645069,0.041786124,0.000358372,0.003368693,0.028956422,46235,2554,3378.949153,6.18744756,901,446,1229.234104,574.2012195,5.126219588,4.940091718,0.432693213,0.172550127,5.87
565AO,565,IslandBend,24.02.19,Rehab,A,O,1060,834.61,9.11,421.47,2,3,3.33,4,4,10,2,4,4,5,1,5,1,1,1,4,1,2,1,60.88942308,24.86940299,13.95348837,20,0,0,2,63,0,0,0,3.6,65,0,0.46,0.44,0.22,1.61,0.104387947,15.4232365,11.53142165,6.03,15.95,19.07273938,3.346196223,2.690617242,2.676143052,0.777579593,1.498318232,0.679719166,0.536647194,0.212430194,71,17,7,5,6,11,0,1,2,0,0,0,0,648,3454.5,649.3,1090.8,6295.7,337.9,12.4,0.25,0.702721524,0.776393583,0.763787424,0.790045614,0.813935659,0.714243216,0.635886929,0.501097557,0.810347207,17426,301,343.25,3.559621733,1,9,1,4,3,1,9.1,1,4,3,0,0.072459721,0,1.210415095,1.060856947,7.16743E-05,0.208428899,7.16743E-05,0.003225344,0.000645069,29656,2581,3078.560039,6.55288386,846,437,1000.560127,528.26,5.780316485,4.299713198,0.309140544,0.30109197,1.18
565AT,565,IslandBend,24.02.19,Rehab,A,T,1060,834.61,9.11,421.47,2,2,6.66,0,0,0,0,4,4,2,1,90,5,1.5,1.7,42,12.75,2,1,73.17567568,49.21370968,40.38461538,5,0,0,5,0,15,50,0,0,5,65,0.78,0.85,0.37,2.63,0.182531449,14.40847602,25.26203499,6.45,64.4,13.13814338,1.073465222,2.260465202,2.254482849,0.604203406,2.423559672,0.148201078,0.395966805,0.560953501,698,219,51,1,100,173,0.26,3,8,8,3,32,12,14.6,80.9,42.4,131.6,83,9.5,333,0.317708333,0.944906907,1.170507896,1.082318451,1.28981095,0.941663344,1.261470939,1.126128895,0.78354418,1.110929343,41537,637,849.0192308,4.265199871,4,40,0,12,10,10,44.5,0,24.25,10.33333333,1.386294361,1.486716402,0,1.288605787,2.119503239,0.000286697,0.139191514,0,0.00516055,0.001791858,35646,3027,3649.790749,6.84242136,1099,523,1287.017167,667.5,5.842545715,5.251321835,0.442953968,0.176221406,3.13
565BO,565,IslandBend,24.02.19,Rehab,B,O,1060,834.61,9.11,421.47,3,2,6.66,4,4,5,2,4,4,5,1,15,2,1,1.3,11,2.6,2,1,68.89423077,35.93283582,20,0,0,0,60,10,5,0,0,2.9,70,5,0.75,0.75,0.24,2.4,0.161624468,14.84923685,21.48923034,5.93,23.2,18.75081317,2.831863771,3.799241061,2.842360028,1.203117308,1.511750216,0.521521586,0.45905443,0.189612505,60,10,7.3,0,5.4,2.1,0.92,2,7,1,1,4,4,11.4,113,24.2,68.9,267.9,19.6,162.7,0.25,0.778629258,0.927001916,0.942030145,0.963933302,1.160997481,1.002949057,0.947404132,0.708241606,1.065739362,34913,478,652.4050633,3.909128149,4,33,0,13,2,5,43,0,19.25,2,1.090599474,0.381525346,0,1.221666562,0.376770161,0.000931766,0.212944381,0,0.027379587,0.000573394,41851,3211,4258.975078,6.929722,1203,479,1599.235808,651.0542169,5.946271956,4.98660876,0.426715617,0.176409677,1.41
565BT,565,IslandBend,24.02.19,Rehab,B,T,1060,834.61,9.11,421.47,2,2,6.66,1,2,10,2,4,3,3,1,45,3,1.5,1.7,14,7.65,2,1,56.875,39.75746269,29.41860465,10,0,0,5,30,10,5,0,0,35,15,1.9,1.84,1.04,6.21,0.38200387,16.25637979,35.12918011,6.8,81.9,17.33506695,2.240868689,3.906768829,2.712888567,1.168560522,1.11703699,0.487883732,0.433791806,0.147356111,254,68,11,7,11,20,0.03,2,11,0,0,0,0,9.8,104.7,31,42.7,109.3,18.3,347.5,0.317708333,1.031560674,1.232087224,1.083247289,1.223321038,1.241872887,1.132202148,0.90146379,0.561268955,0.959420695,22623,413,470.5526316,4.267772344,0,21,0,8,7,0,23.5,0,10,7.166666667,0,1.455338603,0,1.752029976,0.118454681,0,0.227422592,0,0.00265195,0.057124427,29536,2546,3034.938776,6.438529474,930,410,1072.972973,479.7960526,5.356941117,4.493009689,0.519438953,0.213781418,2.28
565CO,565,IslandBend,24.02.19,Rehab,C,O,1060,834.61,9.11,421.47,3,2,6.66,0,0,0,0,4,4,4,1,50,4,1.5,1.3,35,7.8,2,0,69.7972973,41.25,30.25641026,0,0,0,43,0,0,0,0,1.4,43,0,1.08,1.26,0.47,3.58,0.248856579,14.38579609,13.72451564,6.41,27.2,13.4394586,1.733772849,2.902879395,1.822908158,0.859220387,1.132371765,0.2007594,0.412719568,0.201384115,168,91,39,0,19,10.6,0,0,0,2,2,8,8,7.1,113.7,17.5,25.7,83,13.3,65.7,N/A,N/A,N/A,N/A,N/A,N/A,N/A,N/A,N/A,N/A,36818,589,750.6635514,4.274813676,6,63,0,11,10,8.25,76.5,0,19,11.125,1.695742534,2.327473411,0,1.084696215,1.931601912,0.000716743,0.146358945,0,0.016270069,0.002365252,44344,3764,5116.939271,7.06005995,1293,732,1763.054348,955.2142857,6.15169997,5.10508745,0.382471995,0.28871317,2.63
565CT,565,IslandBend,24.02.19,Rehab,C,T,1060,834.61,9.11,421.47,2,3,3.33,3,3,3,2,4,3,3,1,55,4,1.5,1.7,15,10.2,2,1,60.88942308,40.16791045,35.34883721,10,0,0,20,5,20,35,0,0,25,55,0.43,0.31,0.19,1.39,0.09787825,14.20131643,11.74577407,6.83,49.9,13.927787,1.764206021,3.043517915,2.017397297,0.921603383,1.4812645,0.13633193,0.453944709,0.248775249,592,39,13,0,23,38,0,1,3,2,1,8,4,9.8,77.4,6.1,23.2,26.7,16.8,34,0.268958333,0.715039562,0.991720591,1.229573685,0.873971147,0.937354241,0.768788178,0.541873954,0.368979939,1.185146751,34990,533,679.5744681,4.451285561,10,25,1,12,7,12,31.125,1,18.25,7,1.879064637,1.852442785,0,1.785373199,0.584646272,0.003297018,0.269853784,7.16743E-05,0.007095757,0.039205849,40219,3958,5211.157615,7.112380746,1357,752,1778.22807,992.7313433,6.188162444,5.048993315,0.361385673,0.274451661,1.84
565DO,565,IslandBend,24.02.19,Rehab,D,O,1060,834.61,9.11,421.47,3,2,6.66,3,2,3,2,4,4,5,1,28,3,1,1.3,17,3.9,2,3,64.08653846,34.62686567,23.02325581,2,0,0,55,0,0,0,0,3.1,55,0,0.96,0.86,0.68,2.87,0.193487796,14.83297683,13.26301939,7.93,102.6,9.12781871,1.515778263,1.845700112,1.283652921,0.843641737,0.24519692,0.226190353,0.266740384,0.062324563,107,47,30,0,18,6.4,0.16,3,5,0,0,0,0,9,55.3,5.9,12.3,39.1,9.6,24.6,0.355416667,0.984112491,1.422256523,1.391381818,0.919517433,1.201851586,1.021938945,0.988841259,0.59663867,1.189825218,37302,385,486.9393939,3.852142265,13,15,1,9,10,19.25,19,1,17,10.4,1.831608257,1.197367823,0,0.887427217,0.57838942,0.007525803,0.283758601,7.16743E-05,0.006880734,0.022864106,31737,3263,4106.078056,6.679908292,1009,643,1214.247642,776.956,5.964412864,4.273994188,0.320436788,0.347265368,5.52
565DT,565,IslandBend,24.02.19,Rehab,D,T,1060,834.61,9.11,421.47,2,2,6.66,0,0,0,0,4,4,4,1,35,3,1.5,1.7,30,7.65,2,3,66.41891892,38.93145161,27.30769231,35,0,0,28,0,10,60,0,0,28,70,1.34,1.01,0.59,3.62,0.194950176,18.56884703,21.06792871,6.6,50.1,20.39224466,2.385957556,4.254800568,2.842351192,1.207269093,2.354144926,0.233263236,0.618032492,0.284321574,396,122,58,1,56,49,0.23,1,3,5,2,20,8,247.2,1414.9,225.2,453.1,2156.2,263.7,0.5,0.268958333,1.132730092,1.135951339,1.139877096,0.87787367,1.211079978,0.874491318,1.100609466,0.587203728,0.838876379,36234,639,849.0416667,4.532057873,7,28,2,11,8,7.166666667,52,3,11.66666667,10.66666667,1.329522257,1.363340597,0.693147181,1.566372374,1.137325813,0.003081995,0.261754587,0.000143349,0.01662844,0.002508601,42833,3823,5111.29479,7.145973046,1419,642,1897.745487,851.0666667,6.113719731,5.235443872,0.434434717,0.214581568,3.69
566AO,566,IslandBend,24.02.19,Rehab,A,O,1060,828.97,9.15,421.63,2,3,3.33,2,2,3,2,4,4,5,1,25,2,1,1.3,10,2.6,2,4,53.67788462,24.12313433,17.6744186,5,0,0,50,5,3,0,0,2.9,55,3,0.27,0.26,0.09,0.97,0.065363029,14.84019342,4.690151376,6.61,26.9,12.22236949,1.689527182,1.857140533,1.810332052,0.968262398,1.213071781,0.411160318,0.372981953,0.273473894,53,35,4,0.03,5,4.3,0.11,4,14,0,0,0,0,24.5,137.7,26.2,19.5,74.2,17.7,99,0.3525,0.575853373,0.660297521,0.494114616,0.450750667,0.704191229,0.525483305,0.570257991,0.469197819,0.764599885,31875,353,503.745098,3.349215978,1,12,0,5,5,1,14.66666667,0,5.5,9.5,0,0.557932909,0,0.655457156,0.641551848,0.000143349,0.321387615,0,0.005447248,0.002293578,32142,3677,4613.68594,7.202585917,1283,653,1609.432,777.9087591,6.182133453,5.155517487,0.402616963,0.253224136,1.18
566AT,566,IslandBend,24.02.19,Rehab,A,T,1060,828.97,9.15,421.63,3,3,3.33,4,4,3,2,4,4,5,1,50,4,1.5,1.7,29,10.2,2,2,68.10096154,43.89925373,37.6744186,15,0,0,15,5,20,65,0,0,20,85,0.41,0.5,0.17,1.55,0.106069909,14.61300399,7.530875474,6.29,30.3,17.13199038,2.052962271,2.987067202,2.721210276,0.835849248,2.807120085,0.214847739,0.440870082,0.447640106,255,75,16,0,26,29,0.6,2,26,0,0,0,0,35.8,259.5,90.8,119.2,194,32.6,145,0.287708333,0.742199559,0.84080906,0.81330444,0.698386252,1.075570218,0.844017064,1.464202378,0.60624888,0.908406193,39653,425,563.8474576,4.421942422,3,14,0,11,7,6,18.5,0,19,11.5,1.098612289,1.617427642,0,1.165495882,0.987620037,0.000215023,0.071530963,0,0.039134174,0.009102638,30791,3611,4430.724777,7.165513919,1222,619,1499.125506,743.302521,6.06469344,5.495076085,0.390238162,0.189117952,1.69
566BO,566,IslandBend,24.02.19,Rehab,B,O,1060,828.97,9.15,421.63,2,3,3.33,4,4,1,1,4,4,4,1,33,3,1.5,1.7,27,7.65,2,1,63.29326923,37.2761194,27.09302326,7,0,0,40,10,5,0,0,6,50,5,0.3,0.31,0.07,1.03,0.061944741,16.62772316,4.77267381,5.95,36.8,12.63625653,1.760087742,2.10883656,1.827178457,0.820866012,1.652558984,0.307343841,0.324947188,0.355910147,146,42,14,0,14,4.2,0.36,2,12,0,0,0,0,8.6,54.5,18.4,71.6,69,7,530.6,N/A,N/A,N/A,N/A,N/A,N/A,N/A,N/A,N/A,N/A,31020,404,492.7784091,3.577211634,0,32,7,18,6,0,38.05,7,28.66666667,6.666666667,0,1.368170428,1.241371197,1.886616166,0.431054945,0,0.276017775,0.034188647,0.007955849,0.006594037,41004,3106,4197.238422,6.621692381,1042,530,1461.345455,690.3636364,5.780663341,4.777346862,0.370893345,0.225548339,0.45
566BT,566,IslandBend,24.02.19,Rehab,B,T,1060,828.97,9.15,421.63,3,2,6.66,4,3,3,2,4,4,3,2,75,4,1.5,1.7,32,10.2,2,3,71.29807692,50.1119403,40,20,0,0,2,0,5,40,0,0,2,45,2.07,2.07,1.09,6.62,0.415634176,15.92746792,19.287702,6.24,92.6,29.11023867,3.171194418,6.612041501,4.706810181,1.79221392,3.092685792,0.438835616,0.634713421,0.261771124,432,227,38,1,68,45,10.4,2,101,2,2,8,8,16.5,94,32.9,122.8,118.4,13.7,530.6,0.287708333,0.783302455,0.855426392,1.043669516,0.708826693,1.105950014,0.879648638,1.389866827,0.452994004,0.891588884,27245,476,594.0722892,3.794973613,0,25,0,3,4,0,33.16666667,0,5,4,0,1.52122477,0,1.039720771,0.120710245,0,0.423236812,0,0.000286697,0.034475344,37796,3171,4104.141882,6.738685469,1160,571,1519.669725,688.7606838,5.835753298,4.835163037,0.434622988,0.234914807,4.19
566CO,566,IslandBend,24.02.19,Rehab,C,O,1060,828.97,9.15,421.63,4,4,1,3,3,20,3,4,3,4,1,10,2,1,1,15,2,2,3,55.28846154,24.25373134,23.25581395,2,5,0,33,30,0,0,0,2.8,63,0,0.26,0.33,0.1,0.97,0.069639423,13.928892,7.005823136,6.73,26.6,10.75779474,1.590977264,1.795325362,1.654779743,0.795386175,0.874069237,0.293937551,0.312069415,0.206029937,35,7,7,0,5,4,0,0,0,0,0,0,0,12,59.3,14.1,14.7,25.2,7.9,62.2,0.348125,0.674597624,0.459791719,0.651414654,0.60753398,0.571986155,0.614801116,0.902747679,0.442022812,0.951100024,21156,408,494.2068966,4.25008543,8,22,0,8,9,12.5,46.5,0,9,9.5,1.47417907,2.641684905,0,1.404958712,1.856121982,0.002723624,0.00831422,0,0.014836583,0.007884174,35569,3763,4733.546069,7.073926839,1261,659,1547.913793,810.9534884,6.198507566,4.696495429,0.372117104,0.281888355,1.06
566CT,566,IslandBend,24.02.19,Rehab,C,T,1060,828.97,9.15,421.63,3,2,6.66,0,0,0,0,4,3,5,1,30,3,1.5,1.7,28,7.65,2,1,63.04054054,40.94758065,29.87179487,30,0,0,25,5,50,35,0,0,30,85,0.5,0.56,0.18,1.71,0.112507315,15.19901171,11.36278432,6.77,75.3,17.08277608,1.667608535,2.925806886,2.520247301,0.867901716,3.01261269,0.259152031,0.593871603,0.504212537,250,75,6,0.25,24,42,0.63,2,10,2,2,8,8,15.9,191.4,50.6,91.3,70.6,30.6,119.4,0.32875,1.209168838,1.484312647,1.466244096,0.894958051,1.323880618,1.068690171,1.193779476,0.481454639,1.240252035,38765,766,1030.003817,4.937239833,7,55,0,17,7,9.666666667,63.45,0,30.5,7.5,1.886696785,2.469318761,0,2.510976874,1.458869423,0.000716743,0.174096904,0,0.002866972,0.00415711,27418,3376,4089.06241,7.089618858,1199,556,1443.509091,654.8431373,6.179315534,5.299036193,0.392167937,0.200084722,1.85
566DO,566,IslandBend,24.02.19,Rehab,D,O,1060,828.97,9.15,421.63,3,2,6.66,4,4,3,2,4,4,5,1,10,2,1,1.3,15,2.6,2,0,68.89423077,35.93283582,20,0,0,0,75,5,0,0,0,3.2,80,0,0.31,0.3,0.07,0.93,0.069614753,13.35923716,6.194894336,6.5,14.78,9.034925065,1.538421007,1.417396452,1.376180217,0.670709001,0.535585311,0.168665395,0.242779166,0.148807876,37,16,6,0,2,3,0,0,0,0,0,0,0,3.7,24.9,5.8,6,17.8,2.2,110.5,0.348125,0.998595182,1.32127977,1.040641123,0.953410967,1.409421591,1.027306025,1.372246119,0.45537943,1.285340936,23096,346,430.64,3.66704323,2,14,0,25,5,2,18.16666667,0,33.16666667,8,0.693147181,1.166818759,0,1.544018419,1.418483662,0.000286697,0.050960436,0,0.274010894,0.000716743,40135,2991,3785.591354,6.619091924,987,483,1201.926396,579.605,5.791939538,4.194734303,0.354749129,0.319871976,0.75
566DT,566,IslandBend,24.02.19,Rehab,D,T,1060,828.97,9.15,421.63,3,2,6.66,4,4,3,2,4,3,5,1,23,2,1.5,1.3,20,3.9,2,2,66.49038462,38.35820896,23.02325581,7,0,0,45,10,0,50,0,0,55,50,0.35,0.24,0.16,1.05,0.06944542,15.1197876,5.268097127,7.12,34.6,13.44231417,1.715346567,3.140482965,1.971160408,0.875884634,1.448327963,0.223940661,0.315923383,0.243970256,67,47,8,0,2,0.9,0,0,0,0,0,0,0,0.1,163.8,37,142.4,122.2,6.2,389.9,0.32875,1.137337344,0.926778052,0.560287576,0.661913283,0.866135197,0.667318811,0.673588749,0.455658374,0.927336175,31445,550,706.1506024,4.437595363,10,40,0,9,12,22.5,54.4,0,13.5,30,2.062399061,1.838694524,0,0.765333184,1.666897307,0.001720183,0.118979358,0,0.009030963,0.003440367,34069,3412,4429.698964,6.969927487,1223,635,1591.82563,780.9310345,5.915715978,5.478202122,0.431045844,0.200461263,2.45
567AO,567,IslandBend,24.02.19,Rehab,A,O,1060,837.13,9.11,421.51,4,2,6.66,4,4,5,2,4,2,4,1,30,3,1.5,1.3,33,5.85,2,0,66.49038462,43.8619403,29.88372093,0,5,0,20,35,0,30,0,0.8,55,30,1.26,1.2,0.62,3.96,0.285552058,13.86787414,26.88853558,N/A,N/A,N/A,N/A,N/A,N/A,N/A,N/A,N/A,N/A,N/A,174,53,21,0,14,6.2,0.05,1,1,0,0,0,0,123.1,1468.1,487.3,1232.1,2424.4,144.9,84,0.337708333,0.954500216,1.232048828,1.229132204,0.916209556,1.459381831,1.289475208,1.399792001,0.632070508,1.518815634,36061,674,882.0047619,4.64129475,9,37,1,22,17,13,45.1,1,26.5,41.5,2.04134527,1.858189264,0,1.522967932,2.276801912,0.001361812,0.05884461,0.000358372,0.049813647,0.005590596,37191,3255,4165.145833,6.904772228,1148,551,1436.970852,721.5263158,5.883256118,5.009199162,0.429539678,0.210910289,2.47
567AT,567,IslandBend,24.02.19,Rehab,A,T,1060,837.13,9.11,421.51,3,2,6.66,4,4,4,2,4,3,4,1,50,4,1.5,1.7,20,10.2,2,3,71.29807692,50.1119403,37.6744186,5,15,0,30,10,0,45,0,0,40,45,0.8,0.79,0.41,2.57,0.182725999,14.06477463,23.46646083,7.27,120.1,19.96138584,2.059911039,3.766250615,3.183988798,0.93868131,3.044879521,0.24933113,0.729796392,0.406214674,241,60,28,1,18,16.9,0.02,1,2,1,1,4,4,64.2,486.1,48.5,155.1,158.1,47.7,214.7,0.308333333,1.337353341,1.993372431,1.744475806,1.257318813,1.924346875,2.003512171,2.178077402,0.742928723,1.977611631,26121,838,1092.034615,5.03217463,16,53,2,24,14,36.25,60.5625,2,30.125,23,2.587133452,2.177942245,0.325082973,2.004369793,0.290650141,0.002221904,0.115108945,0.000716743,0.030174885,0.080275229,44267,3813,4909.697368,7.254837967,1393,647,1767.578571,842.8686441,6.166877402,5.708056695,0.460369011,0.174197496,2.78
567BO,567,IslandBend,24.02.19,Rehab,B,O,1060,837.13,9.11,421.51,3,2,6.66,0,0,0,0,4,3,2,2,80,5,1.5,1.7,30,12.75,2,2,69.7972973,53.24596774,45.51282051,2,5,0,15,20,0,15,0,1.6,35,15,0.79,0.75,0.5,2.83,0.220768094,12.81888133,15.81301253,7.11,81.2,19.50830249,1.958415319,4.779497484,2.867738865,0.998966189,2.961271036,0.1271333,0.715199763,0.357975202,425,64,30,0,47,34,0.4,1,7,1,1,4,4,14.6,124.1,17.1,50.5,60,10.3,101,0.337708333,1.210953296,1.692273775,1.598739115,1.278782947,1.847169118,1.932603786,2.14043678,0.838264095,1.781985715,35002,687,877.2606838,4.690132514,8,41,1,25,15,12,49.64285714,1,35.125,19.16666667,1.906154747,0.978055592,0,1.389699825,0.438517356,0.001146789,0.15108945,0.001720183,0.073394495,0.051247133,29908,3717,4692.933752,7.267084941,1289,664,1579.637255,825.9521739,6.251966437,5.661802041,0.401910948,0.213687282,3.32
567BT,567,IslandBend,24.02.19,Rehab,B,T,1060,837.13,9.11,421.51,3,2,6.66,4,4,8,2,4,3,3,1,55,4,1.5,1.7,33,10.2,2,1,71.29807692,50.1119403,37.6744186,5,10,0,10,5,0,40,0,0,15,40,1.67,1.63,0.82,5.31,0.373377694,14.22152444,25.76049899,6.65,74.6,31.66660911,3.399171939,6.182592088,4.624066019,1.511673642,5.147162351,0.582316711,1.414872798,0.420506036,392,115,42,0.1,53,59,0.7,4,16,1,1,4,4,41.7,291.2,73.3,27.7,115.1,44.9,116.4,0.308333333,1.829019118,1.749602975,1.66276865,0.933639141,1.678462699,1.550226795,1.447180848,0.580557249,1.674180403,35981,816,1102.75969,5.076979137,2,45,0,21,18,3,54,0,22.33333333,20.57142857,0.693147181,2.408699372,0,1.944652941,0.958207254,0.000143349,0.120914564,0,0.019997133,0.028526376,34095,3533,4461.963347,7.178899449,1324,542,1674.965021,667.682243,6.175768438,5.390125612,0.459521792,0.168549374,2.9
567CO,567,IslandBend,24.02.19,Rehab,C,O,1060,837.13,9.11,421.51,4,2,6.66,4,3,1,1,4,4,3,1,73,4,1.5,1.7,20,10.2,2,2,68.89423077,50.1119403,37.6744186,3,8,0,15,8,0,35,0,1.7,23,35,2.48,2.7,1.12,7.82,0.531951378,14.70059167,30.68177277,6.37,84.4,30.21771545,2.719903195,6.47504781,4.410987926,1.330414639,5.266827981,0.395813633,1.011996554,0.458354117,349,70,45,0,60,59,0.7,2,28,1,1,4,4,13.2,76.9,19.9,30.5,54.2,5.7,365.8,0.339166667,0.576574805,0.622524696,0.684576494,0.682058684,0.746332763,0.665246144,0.645809438,0.517305487,0.693872624,50432,770,1056.67094,5.000172785,7,29,2,28,13,19.5,89.5,2.5,34.125,17.5,1.83437197,1.824812305,0.636514168,1.396630038,1.840179058,0.000716743,0.091886468,0.000215023,0.140409977,0.011611239,87391,4528,6794.970588,7.378555778,1603,747,2307.536913,1051.030201,6.303182595,5.724050361,0.45773322,0.170526217,1.25
567CT,567,IslandBend,24.02.19,Rehab,C,T,1060,837.13,9.11,421.51,4,2,6.66,4,4,4,2,4,4,3,2,71,4,1.5,1.7,42,10.2,2,1,73.70192308,53.84328358,42.3255814,3,1,0,15,7,0,45,0,0,22,45,1.64,1.92,0.86,5.47,0.376199796,14.5401461,25.50045123,6.56,87.3,24.06945209,1.700751211,4.782217773,3.458584814,0.279674769,4.79253108,0.856417065,0.669525655,0.594558382,497,87,62,0,66,79,0.5,2,8,4,3,16,12,179.2,580.9,268.4,428.9,867.8,103.8,142,0.345,0.630622761,0.750818337,0.859758817,0.885326977,0.942862131,0.917910416,0.852581914,0.6125704,0.622521936,29442,689,848.2072072,4.823080276,10,24,2,21,10,12,27.6,2,37,10.66666667,2.09827374,1.58104674,0.271189373,1.473209784,1.741737953,0.001576835,0.083572248,0.000931766,0.080275229,0.006163991,40329,3640,4737.640479,7.118224736,1345,614,1725.085603,748.7014925,6.159535175,5.662621636,0.461639838,0.161159748,4.38
567DO,567,IslandBend,24.02.19,Rehab,D,O,1060,837.13,9.11,421.51,3,2,6.66,4,4,10,2,4,3,3,1,20,2,1,1.3,25,2.6,2,0,66.49038462,35.93283582,20,0,0,0,15,55,0,10,0,3.5,70,10,0.12,0.16,0.13,0.68,0.033842886,20.09284879,5.856143198,8.75,66.2,6.306320634,0.735067292,1.03079418,0.937194212,0.357014853,0.541516602,0.332574092,0.219387276,0.232684116,187,24,21,0,10,5.1,0,0,0,0,0,0,0,25.6,96.6,12.6,6.1,39.5,10.9,73.6,0.339166667,0.669027948,0.779561633,0.826256697,0.877466879,0.935663354,0.895285142,0.710184589,0.58166801,0.766277438,37679,471,564.0059524,4.127598296,17,24,1,16,7,23.25,28.08333333,1,37,7.166666667,2.490239211,1.27574824,0,2.341184751,1.633599095,0.005518922,0.184418005,0.000931766,0.005375573,0.002580275,34052,3452,4211.734043,7.247344245,1064,575,1305.457286,672.4401709,6.006708432,5.409567908,0.374752895,0.211616304,0.96
567DT,567,IslandBend,24.02.19,Rehab,D,T,1060,837.13,9.11,421.51,4,2,6.66,4,4,10,2,4,3,3,1,55,4,1.5,1.7,31,10.2,2,0,71.29807692,51.97761194,40,0,0,0,15,20,0,40,0,0,35,40,0.6,0.69,0.34,2.07,0.143479278,14.42717044,9.244660128,7.95,89.5,N/A,N/A,N/A,N/A,N/A,N/A,N/A,N/A,N/A,413,94,32,0,47,36,0.8,1,5,1,1,4,4,27.2,123.5,18.6,8.8,57.5,18.4,123,N/A,N/A,N/A,N/A,N/A,N/A,N/A,N/A,N/A,N/A,N/A,N/A,N/A,N/A,N/A,N/A,N/A,N/A,N/A,N/A,N/A,N/A,N/A,N/A,N/A,N/A,N/A,N/A,N/A,N/A,N/A,N/A,N/A,N/A,N/A,N/A,N/A,N/A,N/A,N/A,N/A,N/A,N/A,N/A,N/A,N/A,1.44
568AO,568,IslandBend,24.02.19,Rehab,A,O,1060,837.94,9.10,421.48,4,3,3.33,4,4,7,2,4,3,2,1,60,4,1.5,1.7,35,10.2,2,0,65.69711538,45.76492537,40,0,10,0,10,13,0,50,0,1,23,50,1.33,1.54,0.8,4.51,0.29820354,15.12389828,19.23135416,7.3,157.6,37.26647878,3.181486138,6.374109046,5.540000547,1.323673582,8.542477468,0.612961741,1.511749097,0.682487463,459,96,20,0,43,50,0.5,1,8,0,0,0,0,42.9,185.6,26.2,35.1,75.3,16.6,46.9,0.225416667,0.419810155,0.58445798,0.63907981,0.627431342,0.651720523,0.638814671,0.645155737,0.515346888,0.638276774,33947,609,759.3210526,4.498640784,10,26,1,18,10,34.5,76,1,22,14,2.176185662,2.226443033,0,1.696587483,1.0310968,0.001075115,0.029529817,0.000645069,0.055905963,0.017703555,21246,3094,3605.485997,7.054470085,1283,424,1479.44843,480.6722222,6.107290167,5.350369129,0.540384072,0.116398381,2.93
568AT,568,IslandBend,24.02.19,Rehab,A,T,1060,837.94,9.10,421.48,3,2,6.66,0,0,0,0,4,4,1,1,95,5,1.5,2,32,15,2,0,73.17567568,55.76612903,48.71794872,0,15,0,5,0,0,55,0,0,5,55,1.01,1.05,0.75,3.4,0.240247603,14.15206627,15.27455014,7.8,161.5,21.75376844,1.684004209,3.711532442,2.867736202,0.879593279,5.856560882,0.432400759,0.601760653,0.836424312,687,160,34,0,92,79,0.9,1,14,1,1,4,4,32.1,127.1,13,25.9,111.9,16.7,196.8,0.246666667,0.611074547,0.775666846,0.875404648,0.911510063,0.961449144,0.937613471,0.891175135,0.53160905,0.699411428,37012,782,1081.813559,4.604295224,4,44,1,25,12,4.25,47.6,1,45.25,13.5,1.320888343,1.671524358,0,1.859141564,1.230683495,0.000573394,0.194452408,7.16743E-05,0.027952982,0.013546445,37406,3341,4156.384615,7.155223797,1290,490,1594.989712,582.9158416,6.124061599,5.42342913,0.504330227,0.147980796,3.36
568BO,568,IslandBend,24.02.19,Rehab,B,O,1060,837.94,9.10,421.48,3,2,6.66,4,4,3,2,4,4,3,2,58,4,1.5,1.7,27,10.2,2,2,73.70192308,51.97761194,40,20,8,0,12,5,0,60,1,0.6,17,61,2.83,2.74,1.49,8.7,0.552038776,15.75976251,38.19208532,6.87,115.5,23.05003821,1.635203691,4.828067784,2.913876443,0.900877749,4.800153484,0.379828625,0.892450962,0.583699631,655,71,18,2,55,45,0.2,3,6,2,1,8,4,127.3,484.3,98.2,212.9,184,105.1,213.7,0.225416667,0.583262249,0.727044622,0.791094114,0.821256429,0.880872929,0.846712552,0.803917577,0.593493765,0.69297302,26520,761,952.7613636,4.870784713,17,37,1,25,19,47.25,57.25,1,38.5,35.66666667,2.59986146,2.029323234,0,1.801370784,1.090983526,0.002293578,0.10622133,0.000358372,0.0390625,0.026376147,35963,3510,4481.191011,7.139392351,1403,503,1769.114504,613.0401786,6.180205663,5.251219944,0.509837146,0.142050268,11.3
568BT,568,IslandBend,24.02.19,Rehab,B,T,1060,837.94,9.10,421.48,2,2,6.66,0,0,0,0,4,4,4,2,50,4,1.5,1.7,25,10.2,2,2,69.7972973,46.08870968,36.41025641,45,0,0,5,0,0,45,0,0,5,45,1.45,1.38,0.96,4.7,0.313927787,14.97159599,20.63647835,7.73,127.8,19.1644294,1.445342914,3.969437369,2.619632341,0.858065008,3.6854388,0.687467941,0.613996711,0.538076675,327,65,14,2,46,50,0.47,2,9,0,0,0,0,4.4,27.7,8.6,7.1,29.2,4.5,78.3,0.246666667,0.5961351,0.641749285,0.783278641,0.723155598,0.807088424,0.821843596,0.722625044,0.471394153,0.578894331,33575,860,1122.321656,4.885681075,10,50,4,24,14,11.125,68.28571429,6,24.66666667,14.66666667,2.072885667,2.172887132,0.937155853,2.419368424,1.118352972,0.002006881,0.151304472,0.000931766,0.022290711,0.03540711,35231,3408,4239.885116,7.15427027,1264,515,1559.68559,642.7925532,6.085195543,5.419419202,0.477689918,0.162571778,3.99
568CO,568,IslandBend,24.02.19,Rehab,C,O,1060,837.94,9.10,421.48,4,2,6.66,4,4,5,2,4,2,4,2,20,2,1.5,1.3,15,3.9,2,1,64.08653846,42.08955224,27.6744186,5,0,0,30,40,0,25,0,1.9,70,25,0.44,0.65,0.31,2.01,0.132159848,15.20885528,16.95936067,7.99,105.6,21.61792562,2.164718864,3.724917668,3.548583515,1.086498909,3.562690903,0.565210077,0.602079277,0.458305281,61,18,11,0,18,8.4,2,1,30,0,0,0,0,30.2,90,6.8,14.8,76.9,12.7,139.5,0.263854167,0.648642388,0.711390251,0.806986561,0.843496663,0.810792112,0.784473279,0.735476133,0.588017616,0.800202596,31204,499,615.16,4.370551955,5,21,0,21,6,5.5,23,0,21.9,8,1.231488362,1.185000376,0,0.960650606,0.329332074,0.002078555,0.119982798,0,0.12915711,0.031966743,44660,3647,5102.846381,7.104231024,1325,517,1777.466805,742.9764706,5.993578963,5.13898761,0.447566601,0.171655841,1.26
568CT,568,IslandBend,24.02.19,Rehab,C,T,1060,837.94,9.10,421.48,2,2,6.66,0,0,0,0,4,4,2,1,90,5,1.5,1.7,35,12.75,2,0,73.17567568,49.21370968,40.38461538,0,7,0,10,0,0,80,0,0,10,80,1.26,1.23,0.69,4.26,0.245959206,17.31994531,20.55163134,6.47,86.2,20.49831149,1.373700288,4.072540117,3.149697295,0.649985276,4.778387424,0.234845944,0.421122275,0.685596832,864,143,105,0,149,109,1.9,2,14,3,3,12,12,63.5,286.1,43.6,312.8,398.1,20.5,220.2,0.263854167,0.83297652,0.989867546,1.04702041,1.133959175,1.181907861,1.020074996,1.093827216,0.780106919,0.902366855,25360,544,684.7469136,4.412813876,0,34,2,14,8,0,37,2,20,11,0,1.767696813,0.410116318,0.495085181,0.818183173,0,0.209002294,0.00050172,0.045656537,0.007740826,43028,3390,4485.309078,6.929554563,1373,506,1774.21124,661.3137255,6.074300925,5.340590328,0.510778499,0.136966958,4.23
568DO,568,IslandBend,24.02.19,Rehab,D,O,1060,837.94,9.10,421.48,2,2,6.66,0,0,0,0,4,4,3,2,80,5,1.5,1.7,40,12.75,2,1,73.17567568,51.22983871,42.94871795,10,30,0,3,7,0,35,0,1.6,10,35,2.86,2.17,1.92,9.02,0.512476577,17.60080443,21.4120743,7.23,95.4,29.7029219,2.938238679,8.282210466,3.633669693,1.460063141,3.595860756,0.1971874,1.285411661,0.260399742,488,122,41,2,43,28,0.7,3,4,2,2,8,8,39.8,214.5,39.7,48.7,121.4,41.4,291.6,0.263854167,0.853627697,0.950383347,1.032697577,1.097116766,1.163237737,1.114878814,0.903442969,0.755808498,0.993937228,25036,728,876.1732283,4.778457581,12,27,0,23,15,15.125,28.14285714,0,27.9,17,2.303379505,1.516770034,0,1.956471126,1.368334973,0.001791858,0.220685206,0,0.024727638,0.057554472,36610,3378,4228.775524,7.099885283,1240,550,1529.129412,660.8815789,6.074112171,5.307661092,0.434952462,0.216934952,4.89
568DT,568,IslandBend,24.02.19,Rehab,D,T,1060,837.94,9.10,421.48,3,2,6.66,0,0,0,0,4,4,4,1,65,4,1.5,1.7,32,10.2,2,1,69.7972973,46.08870968,36.41025641,3,0,0,30,2,0,25,0,0,32,25,0.66,0.74,0.46,2.61,0.156566665,16.67021525,17.51038109,8.02,90.5,12.61970634,1.315879922,2.614617025,1.726794292,0.631818352,1.673626558,0.230962269,0.569584939,0.326208566,557,169,69,0,32,14.9,0.43,1,5,3,1,12,4,27.9,147.7,19.7,21.5,58,17.4,225.2,0.263854167,0.744281607,0.897696817,0.935529841,0.924122866,0.951258997,0.741675732,0.805121154,0.633902666,0.772808012,31467,670,886.32,4.949503935,2,23,1,22,14,3,36.5,1,26,54.5,0.693147181,1.871961974,0,2.229656066,0.37884316,0.000143349,0.045441514,7.16743E-05,0.036912271,0.031823394,32455,3282,3984.552273,7.176397477,1204,489,1445.509434,587.7842105,6.102223498,5.374906264,0.470818036,0.163042455,1.47
569AO,569,ValveHouse,23.02.19,Rehab,A,O,1040,774.84,8.89,415.19,4,2,6.66,0,0,0,0,4,4,2,4,55,4,1,1.3,25,5.2,3,2,69.7972973,46.08870968,33.84615385,8,30,20,35,2,0,0,0,3,37,0,0.17,0.36,0.15,0.97,0.031205656,31.08410822,10.95485684,8.74,67.2,8.743330002,1.119378807,1.479238969,1.12261077,0.580689188,0.812990103,0.239696174,0.305098159,0.232480442,70,11,0.01,0,10,8.5,0,0,0,0,0,0,0,222.6,1079.1,261,441.9,1977.1,277.3,7.1,0.259375,0.587017619,0.621573672,0.586648453,0.697319736,0.740122689,0.709030764,0.556036302,0.540012399,0.645347845,24601,546,683.5238095,4.40861616,3,24,0,14,14,3,34.66666667,0,14.66666667,20,0.887694276,2.414884645,0,2.305232525,2.002974996,0.000860092,0.013474771,0,0.004085436,0.00415711,34405,3437,4293.059559,7.133827831,992,494,1210.124309,600.8870968,6.003724658,4.794575007,0.338040102,0.20276758,0.84
569AT,569,ValveHouse,23.02.19,Rehab,A,T,1040,774.84,8.89,415.19,3,2,6.66,4,4,3,2,3,3,2,5,25,2,1.5,1.3,8,3.9,3,2,64.08653846,47.68656716,32.3255814,8,0,0,50,14,0,45,0,0,64,45,1.14,0.78,0.74,3.54,0.222538578,15.90735426,19.92973605,8.15,117.5,16.41308572,2.258025505,4.461337622,2.189630224,1.062092187,0.931189673,0.200460652,0.658233975,0.112801149,175,25,0.1,15,11,3.3,1.6,1,28,1,1,4,4,16.1,87.7,2.8,15.5,87.7,12.9,316.2,0.291875,0.78441256,0.941692537,0.909015889,1.075361284,1.039489192,1.055164685,1.074729001,0.658941126,0.813693495,21321,622,736.2586207,4.739533427,13,32,1,15,9,13.66666667,45.5,1,19.5,13.16666667,2.296493849,1.2803855,0,2.197212727,1.49878862,0.003440367,0.144638761,0.001791858,0.00881594,0.001935206,30857,3706,4612.404793,7.293041672,1245,651,1491.68315,817.946281,6.136670217,5.480783828,0.38073049,0.226583828,3.44
569BO,569,ValveHouse,23.02.19,Rehab,B,O,1040,774.84,8.89,415.19,3,2,6.66,0,0,0,0,4,2,4,1,30,3,1,1.3,13,3.9,3,1,59.66216216,35.40322581,20.25641026,3,0,5,27,40,0,0,0,2.1,67,0,2.24,2.32,1.15,7.26,0.437335868,16.60051355,17.27371411,6.17,55.4,44.05023687,5.943273459,10.62401421,5.795811387,2.422585991,5.203004251,0.552774028,0.999739667,0.260348666,37,6.2,1.3,1.5,1,0.6,0.2,1,3,0,0,0,0,62.4,976.5,223.7,356,593.9,118.4,313.3,0.259375,0.652320444,1.054693789,1.138714476,1.143184687,1.101382869,1.205004229,1.094808147,0.490198861,0.969974145,29220,413,513.6544118,4.270749393,3,19,1,6,10,4,22.5,1,16,10.66666667,0.950270539,1.161836168,0,1.497866137,1.905010844,0.000358372,0.046946674,0.00050172,0.000716743,0.003368693,44887,3570,4868.076923,7.053689758,1144,653,1572.197561,864.4556452,5.915698894,5.587038738,0.384354702,0.188270733,3.53
569BT,569,ValveHouse,23.02.19,Rehab,B,T,1040,774.84,8.89,415.19,3,2,6.66,0,0,0,0,4,4,4,1,50,4,1.5,1.7,17,10.2,3,2,69.7972973,48.10483871,36.41025641,10,10,0,40,0,15,50,0,0,40,65,0.56,0.75,0.42,2.32,0.166963953,13.89521482,10.93540326,8.54,87.6,17.44350119,2.180064755,3.97445772,2.368735992,1.079675877,1.395386345,0.333407499,0.702907186,0.18246462,257,56,18,1,41,14,2,2,26,0,0,0,0,3.3,20.3,6.2,9.2,24.1,3,250.1,0.291875,0.805722714,0.815496262,0.913492779,1.00203945,0.932949157,0.861964663,0.685923664,0.53981055,0.667060669,36949,96,110.2222222,2.576307719,0,9,0,2,2,0,10,0,2,2,0,1.056082862,0,0.336495758,0.066079571,0,0.66090883,0,0.001361812,0.017560206,27230,3662,4490.14881,7.324709819,1279,603,1516.783019,721.442623,6.250115346,5.466351655,0.418243434,0.194954344,2.13
569CO,569,ValveHouse,23.02.19,Rehab,C,O,1040,774.84,8.89,415.19,4,3,3.33,4,4,2,2,4,4,5,1,25,2,1,1,15,2,3,2,63.29326923,32.33208955,20.93023256,5,0,3,0,2,0,0,0,2.7,2,0,1.79,1.46,0.75,4.9,0.315871047,15.51265951,40.3938262,6.53,119,19.48294509,2.850222847,4.026287254,3.192045514,1.365132062,1.627330125,0.288611754,0.44357114,0.18916717,95,31,7,0.01,7,4,0.01,1,1,0,0,0,0,17.8,186,48.1,85.1,190.8,18.8,434,0.277708333,0.632900204,0.70461084,0.735022994,0.730085481,0.745942883,0.735286347,0.687134312,0.564539214,0.748737476,28042,503,618.9527027,4.497095984,4,21,3,10,6,4.5,25,3,16,7,1.310783678,1.501159923,1.095077862,1.560613105,1.289494877,0.000645069,0.056622706,0.001218463,0.013618119,0.002508601,45861,3195,4389.6272,6.748311179,1325,412,1724.678832,608.9230769,5.865580487,4.59348495,0.522921962,0.135601996,4.39
569CT,569,ValveHouse,23.02.19,Rehab,C,T,1040,774.84,8.89,415.19,4,2,6.66,4,4,5,2,4,4,5,2,10,2,1.5,1.3,12,3.9,3,1,68.89423077,43.95522388,27.6744186,30,0,0,50,5,0,50,0,0,55,50,0.86,0.88,0.41,3.04,0.191877918,15.84340723,17.74206837,8.04,84.6,18.84681278,2.274109892,4.220017287,2.293568919,0.967693338,1.611102248,0.536366442,0.847074821,0.196792249,229,69,16,11,27,8,0.03,2,2,0,0,0,0,6.1,39.4,11.6,17.7,46.9,5.5,250.1,0.271458333,0.839427114,1.038897646,1.105923051,1.118585583,1.181724455,1.11901716,1.026666696,0.729228562,0.891116873,32647,531,726.3719512,4.398000857,11,25,1,13,10,11.5,109.5,1,68,10.66666667,1.433484623,1.328746711,0,2.44546783,1.890777513,0.007239106,0.055117546,0.000358372,0.001218463,0.004443807,30350,3650,4597.796997,7.227061608,1205,593,1475.459839,749.1116071,6.097401503,5.262491072,0.389249741,0.207191942,1.71
569DO,569,ValveHouse,23.02.19,Rehab,D,O,1040,774.84,8.89,415.19,2,2,6.66,4,4,1,1,4,4,5,1,26,3,1.5,1,11,4.5,3,3,68.89423077,39.47761194,19.76744186,15,0,0,55,3,10,0,0,2.8,58,10,0.19,0.34,0.13,0.95,0.053773358,17.6667411,7.164662512,8.82,51.6,7.827268301,1.050628473,1.335573275,1.087476423,0.576496427,0.470409918,0.261217168,0.305792576,0.149652612,43,0.7,4.2,8,2.4,0.4,0,0,0,0,0,0,0,2,16.8,3.9,10.4,39.4,3.2,162.7,0.277708333,0.698160468,0.898297204,0.942797694,0.995710857,1.038367629,0.981392842,0.861745908,0.604654333,0.915477666,17579,668,798.8139535,5.048692733,25,26,3,17,10,25.9,28.57142857,3,18,10.16666667,2.680228946,1.710415928,0.496914733,2.166004954,1.943081295,0.014764908,0.025372706,0.004013761,0.012112959,0.00315367,37084,3881,5007.085052,7.33296848,1088,699,1377.722488,855.816,6.145344728,5.464932754,0.295302645,0.257883837,1.98
569DT,569,ValveHouse,23.02.19,Rehab,D,T,1040,774.84,8.89,415.19,3,2,6.66,0,0,0,0,4,4,5,1,20,2,1.5,1.7,23,5.1,3,2,63.04054054,37.82258065,23.33333333,10,0,10,55,5,5,35,0,0,60,40,1.41,1.56,0.7,4.88,0.279743895,17.44452724,12.3865505,7.72,154,27.51462586,3.373233391,6.160462803,3.876424455,1.189903383,3.200842282,0.686379667,0.6575411,0.27461455,119,36,16,0.8,34,8.2,0.6,2,13,5,3,20,12,3.4,39.5,11.5,15.9,41.2,6.7,347.5,0.271458333,0.7937886,0.89241916,0.957913776,0.932321577,0.947173714,0.890091494,0.804786804,0.624771292,0.732273727,26963,583,701.9356436,4.669608475,2,26,2,16,10,3,28.5,2,22,14.5,0.693147181,1.986763137,0.500402424,0.838952597,1.872787467,0.000143349,0.02859805,0.000358372,0.021788991,0.003368693,53081,4013,5697.10193,6.982118317,1411,699,1991.740741,890.6812081,5.720084261,5.690546822,0.444601337,0.170902758,4.8
570AO,570,KaiserSandWash,21.02.19,Reference,A,O,1085,1216.53,9.13,442.52,3,2,6.66,0,0,0,0,4,4,3,2,76,5,1.5,2,85,15,3,3,73.17567568,59.7983871,51.28205128,20,15,0,0,0,15,25,0,3.5,0,40,3.12,3.39,2.17,11.17,0.412955896,27.04889336,30.77773489,4.38,54.5,43.55094594,5.956248818,12.05341614,6.24817704,2.616157685,1.462445732,0.489496156,1.017413437,0.068672378,1491,604,110,4,250,307,5.4,4,131,5,3,20,12,5.2,60.5,18.9,36.5,143.3,14.9,20.3,0.403125,0.752702192,0.816690644,0.896795867,0.827064502,0.938332468,0.798026914,0.851833181,0.56811601,0.864852353,33248,419,521.615942,3.541415258,1,31,0,5,8,1,35,0,6,18,0,0.85559184,0,1.160186244,0.862708955,7.16743E-05,0.420011468,0,0.001146789,0.017201835,37125,1934,2383.938202,6.14174208,480,474,603.9302326,561.75,4.400778215,5.133267771,0.3009037,0.296479337,30.85
570AT,570,KaiserSandWash,21.02.19,Reference,A,T,1085,1216.53,9.13,442.52,2,2,6.66,0,0,0,0,4,4,3,2,80,5,1.5,2,35,15,3,2,73.17567568,57.78225806,48.71794872,20,0,0,0,0,0,35,0,0,0,35,2.72,2.44,1.48,8.1,0.35419808,22.86855985,16.26478929,4.66,66.5,25.48178843,2.760292084,7.115465453,4.763242573,1.405335336,1.320514817,0.166377871,0.263879137,0.109143468,775,123,133,0.1,208,142,9.05,2,101,3,2,12,8,35.9,401.4,127,320.6,1196,74.7,30,0.368125,0.879210847,1.038072126,1.130409155,1.135901228,1.189272826,1.133862226,1.007744787,0.76010449,0.952474139,39435,562,791.8850575,4.263273248,3,59,0,9,6,6,68,0,21.5,6,1.098612289,2.470323321,0,1.569423344,0.888733676,0.000215023,0.452336583,0,0.002508601,0.016556766,49887,1599,2139.624567,5.40983423,460,387,671.3142857,493.7936508,3.774548235,4.501749163,0.355925821,0.279252565,19.08
570BO,570,KaiserSandWash,21.02.19,Reference,B,O,1085,1216.53,9.13,442.52,3,2,6.66,0,0,0,0,4,4,3,3,75,4,1.5,2,65,12,3,3,69.7972973,55.76612903,46.15384615,25,0,0,0,0,10,25,0,3.5,0,35,2.04,1.7,1.19,6.38,0.320556103,19.90291231,15.84623352,4.85,41.9,34.81162658,3.341934765,9.182737847,5.827897966,1.49348334,2.002627076,0.420654036,0.648516707,0.128746832,592,286,101,7,124,25,3.7,1,60,0,0,0,0,12.3,268.2,76.6,147.8,537,34.9,30.9,0.403125,0.830729922,0.985084792,1.09092342,1.087369621,0.963763468,1.044947255,0.993913199,0.760695116,0.955173601,22704,470,537.2052632,4.403835392,3,37,0,8,3,6,45.1,0,8.25,3,1.098612289,2.105234723,0,1.82171845,0.070924805,0.000215023,0.222548739,0,0.002795298,0.048451835,39068,1634,2000.960526,5.43998784,443,355,540.1632653,433.3768116,3.703161098,4.390582313,0.363739057,0.252423986,13.29
570BT,570,KaiserSandWash,21.02.19,Reference,B,T,1085,1216.53,9.13,442.52,2,2,6.66,0,0,0,0,4,4,2,1,98,5,1.5,2,100,15,3,1,73.17567568,55.76612903,46.15384615,2,0,0,0,0,5,80,0,0,0,85,2.59,2.67,1.35,8.61,0.430332352,20.00779158,18.59886496,4.91,121.3,49.82420267,4.4741782,10.25719999,9.179413288,2.120123486,9.272420619,1.071828226,0.547334521,0.481054749,1107,719,82,0,187,74,3.3,2,52,10,3,40,12,16.5,456.5,160.6,243.2,920.2,45.1,23.8,0.368125,0.775487191,0.83773799,1.021067924,1.006618016,1.024608295,1.01337641,0.899241804,0.697081325,0.698849545,20389,482,544.4058824,4.247671177,0,33,2,8,4,0,39,2,8.25,4,0,2.158491895,0.295439192,0.245527127,0.216101521,0,0.206923739,0.001648509,0.040352638,0.021287271,43330,1504,1973.621107,5.411777733,517,309,697.2525773,405.3333333,4.344634162,3.926985037,0.363833192,0.314788666,10.83
570CO,570,KaiserSandWash,21.02.19,Reference,C,O,1085,1216.53,9.13,442.52,2,2,6.66,0,0,0,0,4,4,3,2,70,4,1.5,2,83,12,3,2,69.7972973,51.73387097,41.02564103,20,20,0,10,0,5,75,0,2.5,10,80,2.42,2.11,1.32,7.36,0.369409984,19.92366291,22.69918731,5.06,79,34.84646388,3.336868181,9.48394634,6.133966536,1.447149398,3.166748038,0.304956905,0.438213798,0.20211197,634,298,90,6,90,67,9.2,2,130,5,2,20,8,9.7,135.9,39.4,48.1,167.7,17.7,64.6,0.402291667,0.589476086,0.790149203,0.728573061,0.639041839,0.912615185,1.072669111,1.349209196,0.669635076,0.873194348,38730,629,859.1276596,4.351299616,2,59,2,14,9,3,64.04166667,2,18,11.25,0.693147181,2.279119609,0.610864302,2.296677592,1.381304269,0.000143349,0.381163991,0.000716743,0.00415711,0.007669151,25236,1545,1860.375445,5.462479416,523,287,610.7056075,329.8148148,4.393394192,3.94173074,0.40553516,0.220935706,12.6
570CT,570,KaiserSandWash,21.02.19,Reference,C,T,1085,1216.53,9.13,442.52,2,2,6.66,0,0,0,0,4,4,1,1,99,5,1.5,2,78,15,3,2,73.17567568,55.76612903,46.15384615,2,0,0,0,5,0,85,0,0,5,85,1.65,1.06,0.86,4.26,0.250892868,16.9793587,14.97102657,5.58,40.2,25.29598462,2.861605556,5.718765291,4.67434285,1.364708824,2.734736938,0.495003629,0.324836754,0.252589306,1309,944,135,0,84,49,5.1,5,64,13,6,52,24,16.6,104.2,10.8,22.8,73.5,17.7,52.2,0.350208333,0.532484991,0.709777251,0.70150443,0.740238606,0.97729599,0.942953508,1.303840153,0.713520764,0.652659297,37764,462,622.5704225,3.991883023,0,54,0,5,5,0,62.33333333,0,5.25,5,0,2.450840867,0,1.546598686,0.943489945,0,0.454200115,0,0.000788417,0.008027523,32499,2160,2694.595721,5.80763014,766,437,932.6,505.2816092,4.742893394,4.650110192,0.379271392,0.243951803,7.69
570DO,570,KaiserSandWash,21.02.19,Reference,D,O,1085,1216.53,9.13,442.52,2,2,6.66,0,0,0,0,4,4,2,1,80,5,1.5,2,68,15,3,3,73.17567568,55.76612903,46.15384615,20,0,0,0,0,5,80,0,3.5,0,85,2.09,1.33,1.19,5.73,0.295255879,19.40689551,12.75752627,5.48,42.6,25.2633459,2.607205807,5.737439621,4.420586477,1.152940567,2.300002549,0.267382865,0.382714239,0.223797894,651,318,65,0.1,156,69,4.4,1,100,0,0,0,0,32.9,368.4,127.6,287.3,3139.2,22.8,52.1,0.402291667,0.479674036,0.557064714,0.48863743,0.632202737,0.678414012,0.68070564,0.656956143,0.494425226,0.544983201,24558,488,604.16,4.417568607,4,30,0,9,8,10,34.9,0,11.25,11,1.386294361,1.807926684,0,1.958315276,1.21648093,0.000286697,0.212586009,0,0.001863532,0.016485092,55558,2347,3243.568075,5.961236749,642,520,917.0727273,702.75625,4.458034865,4.990923636,0.335357244,0.249835263,8.79
570DT,570,KaiserSandWash,21.02.19,Reference,D,T,1085,1216.53,9.13,442.52,2,2,6.66,0,0,0,0,4,4,2,2,80,5,1.5,2,61,15,3,3,73.17567568,57.78225806,48.71794872,20,0,0,0,0,5,30,0,0,0,35,2.99,3.2,1.45,9.44,0.469233111,20.1179324,12.61366304,4.81,54.6,23.93279684,2.708144998,5.40184185,4.395871498,1.556858472,1.875835858,0.626984586,0.248458183,0.184451696,1192,448,141,1,210,151,6.7,4,126,4,2,16,8,15,77.4,14.2,221.8,962.9,23.3,19.8,0.350208333,0.737066133,0.770490332,0.764936177,0.785135547,1.124197652,1.177217289,1.358821308,0.769002775,0.675308989,37356,551,800.122093,3.948133641,0,40,1,10,7,0,52.5,1,31,13,0,1.832431398,0,1.850267779,0.256186999,0,0.411983945,7.16743E-05,0.001720183,0.058916284,38048,1527,1916.805369,5.280687138,458,327,571.9534884,408.5943396,3.83050968,4.420272501,0.440835922,0.213216605,11.27
571AO,571,KaiserSandWash,21.02.19,Reference,A,O,1090,1232.34,9.05,442.14,5,2,6.66,0,0,0,0,4,4,2,2,90,5,1,1.7,40,8.5,3,3,73.17567568,50.72580645,39.74358974,5,15,0,0,5,25,45,0,2,5,70,2.04,0.9,1.47,5.51,0.268712611,20.50517827,23.85326118,5.51,59,51.80286715,6.570446876,15.10174032,7.190630949,3.100376454,2.357377666,1.161559175,1.49833893,0.089501629,1102,367,53,37,67,42,1.6,2,21,8,6,32,24,3.3,25.5,5.1,29.1,122.7,5.3,117.9,0.241041667,0.631439308,0.661180345,0.699120882,0.689804647,0.704366106,0.663158864,0.60837495,0.51174899,0.732975832,29961,573,712.1717172,3.944072592,5,65,2,12,13,13,84.6,2,18,34,1.560710409,2.488695753,0.667431708,2.103013897,1.850343234,0.000430046,0.680045872,0.002221904,0.00415711,0.004443807,36463,3443,4423.60405,6.905755223,949,813,1234.661017,1032.169811,5.832980625,5.60532349,0.293655276,0.268709404,15.44
571AT,571,KaiserSandWash,21.02.19,Reference,A,T,1090,1232.34,9.05,442.14,3,2,6.66,0,0,0,0,2,2,3,2,15,2,1.5,1.3,16,3.9,3,0,49.52702703,37.41935484,22.82051282,15,0,0,0,70,0,0,0,0,70,0,2.24,1.01,1.66,5.99,0.297296845,20.14821248,20.62448394,5.78,49.8,48.74923446,7.057590377,14.19147176,6.368540803,3.152338693,1.568669775,0.73112199,1.56291385,0.061345907,187,44,36,6,20,3.2,0.6,5,20,3,2,12,8,9.1,78.6,46.5,22.1,220.9,0,141.2,0.230625,0.752244653,0.881376174,0.950991075,1.008574129,1.046469634,1.024317201,0.910130136,0.719017759,0.836504682,33558,737,918.6704545,4.435618632,0,41,4,20,18,0,51,4,28.16666667,22,0,1.554341498,0.997903664,2.197523069,2.409200578,0,0.383457569,0.003583716,0.022004014,0.0078125,31549,3459,4368.458856,7.022793958,1085,712,1371.513953,868.8097015,6.014439553,5.55191976,0.334368822,0.244187141,12.54
571BO,571,KaiserSandWash,21.02.19,Reference,B,O,1090,1232.34,9.05,442.14,5,2,6.66,0,0,0,0,4,4,3,1,90,5,1.5,1.3,16,9.75,3,0,73.17567568,51.22983871,40.38461538,10,15,0,0,0,30,45,0,2,0,75,2.28,1.06,1.56,5.94,0.294185183,20.19136359,19.52617041,6.07,25.9,47.79371853,6.399931411,15.56086898,5.928515772,2.921527715,1.542960658,0.659386821,1.383562139,0.060173511,684,158,71,22,105,44,1.7,4,40,4,2,16,8,14.1,61.6,9,48.5,267.1,15.6,81.1,0.241041667,0.747572013,0.830397075,0.852969297,0.905448939,0.927148322,0.891157284,0.719120713,0.617386386,0.82534184,32977,723,885.2401575,4.58381025,3,50,3,21,14,3.5,54.57142857,3,25.5,26.5,1.011404265,2.565692394,0.614523739,2.136535145,2.048956384,0.000430046,0.103856078,0.002221904,0.022075688,0.006235665,30734,2749,3415.910506,6.712892698,747,640,936.5973451,750.460177,5.555098646,5.375187078,0.307163701,0.296573473,13.78
571BT,571,KaiserSandWash,21.02.19,Reference,B,T,1090,1232.34,9.05,442.14,3,2,6.66,0,0,0,0,4,4,2,1,85,5,1.5,2,57,15,3,4,73.17567568,57.78225806,48.71794872,5,0,0,0,10,50,50,0,0,10,100,2.81,1.79,2.01,8.15,0.325829134,25.01311012,16.36398992,5.53,39.8,53.71053855,6.789286663,15.33641385,7.05549426,2.949100475,2.717423609,1.453653275,1.419662954,0.101345067,661,106,83,5,32,19,1,3,16,1,1,4,4,9.9,93.3,23.5,37.1,105.1,16.5,73.5,0.230625,0.707017856,0.857377925,0.89063165,0.876741964,0.90031485,0.822336086,0.750794752,0.635647346,0.723326635,44168,247,273.28125,3.684369066,2,20,3,9,3,2,22.25,3,9,3,0.336495758,1.477614068,0.824789466,1.563803818,0.613536432,0.001361812,0.498566514,0.005590596,0.020642202,0.017488532,54085,1511,1692.333333,6.32018313,500,320,552.5625,363.35,5.222150471,5.168921373,0.392450344,0.205921115,16.03
571CO,571,KaiserSandWash,21.02.19,Reference,C,O,1090,1232.34,9.05,442.14,3,2,6.66,0,0,0,0,4,4,2,1,98,5,1.5,2,63,15,3,1,73.17567568,57.78225806,48.71794872,2,0,0,0,0,45,0,0,4,0,45,2.41,1.45,1.75,7.19,0.328140202,21.91136578,23.82307288,5.54,78.7,42.52698763,5.084848313,12.11576508,5.96327379,2.191483452,2.318852994,0.485969649,1.287840539,0.111346401,670,188,126,0,76,27,3,7,135,5,5,20,20,10.8,115.2,25.6,17.4,142.4,13.1,110.8,0.301875,0.527908519,0.793054195,0.830905097,0.855243799,0.897044405,0.856918344,0.748341148,0.56485481,0.717135073,40457,689,877.9074074,4.461187147,9,57,3,20,12,9.5,65.90909091,3,23.6,12.9,2.07867954,2.140038395,0.783767869,2.302816282,2.018882057,0.00265195,0.151161124,0.002078555,0.009676032,0.002938647,37212,3378,4445.964012,6.897779733,970,706,1250.29661,924.692623,5.733826687,5.607206716,0.325943707,0.243669397,12.66
571CT,571,KaiserSandWash,21.02.19,Reference,C,T,1090,1232.34,9.05,442.14,5,2,6.66,0,0,0,0,4,4,1,1,9.5,1,1.5,2,75,3,3,0,59.66216216,37.62096774,23.07692308,0,0,0,0,15,5,0,0,0,15,5,1.94,0.85,1.52,5.42,0.251377075,21.56123428,15.62241351,5.8,39.7,52.83800105,7.295157571,15.47338949,6.848234662,3.245971167,2.028241628,0.513137878,1.682746752,0.075727515,697,145,103,0,34,20,1.8,2,60,4,3,16,12,18.2,195.1,33.2,85,342.8,20,86.8,0.27125,0.642750783,0.76413601,0.812030928,0.81910712,0.825945191,0.793473516,0.721285035,0.59234541,0.671682152,36815,704,1002.126316,4.504841447,0,45,0,12,12,0,61.9,0,30,13,0,1.434111598,0,1.731519424,1.688936333,0,0.242330849,0,0.006163991,0.007382454,34381,3246,4039.334094,6.955438309,892,733,1102.564417,875.0434783,5.822575524,5.583314316,0.306928363,0.274169255,17.81
571DO,571,KaiserSandWash,21.02.19,Reference,D,O,1090,1232.34,9.05,442.14,3,2,6.66,0,0,0,0,4,4,1,1,93,5,1.5,2,53,15,3,1,73.17567568,57.78225806,48.71794872,7,0,0,2,6,90,40,0,2.5,8,130,2.52,1.29,1.75,6.89,0.313719002,21.96232923,25.53722111,5.61,44.8,55.65253131,6.852593119,15.2533007,7.652189286,3.032966754,3.644243866,0.83732875,1.260207261,0.135234461,704,169,105,4,39,23,2.9,4,71,1,1,4,4,14,143.5,28,35.6,157.9,20.7,69.6,0.301875,0.564262667,0.834054625,0.864089622,0.866002985,0.892785905,0.838377841,0.782838999,0.632083447,0.750610454,27446,891,1028.818966,5.336104093,10,62,2,21,22,16.25,70,2,22.14285714,23.78571429,1.875407036,2.753282922,0.410116318,1.661230977,2.531612324,0.002221904,0.111023509,0.00050172,0.035263761,0.007525803,33663,2927,3671.764657,6.560872746,861,639,1091.564024,776.6512605,5.401420129,5.471174409,0.336345665,0.241645486,8.26
571DT,571,KaiserSandWash,21.02.19,Reference,D,T,1090,1232.34,9.05,442.14,4,2,6.66,0,0,0,0,4,4,2,1,95,5,1.5,2,70,15,3,1,73.17567568,59.7983871,51.28205128,2,0,0,0,3,30,75,0,0,3,105,2.11,1.17,1.43,5.85,0.314189108,18.61935962,19.7944031,5.98,29.3,44.37184224,5.311573734,12.75632486,5.717292095,2.166805308,1.812310231,1.127832118,1.29196513,0.082771011,725,180,88,1,18,10,2.1,3,28,1,1,4,4,27.2,213,42.8,88.8,319.6,28.3,80.3,0.27125,0.466616134,0.595908088,0.705464145,0.724895341,0.741518121,0.732707757,0.63627173,0.47479419,0.572428022,28100,757,912.6678322,4.646355018,1,48,5,16,19,1,49.04166667,5.5,17.125,21.5,0,1.676129491,1.098784149,1.665782006,0.985084804,7.16743E-05,0.280676606,0.002221904,0.015911697,0.032611812,46407,3096,4106.583062,6.686455979,940,674,1249.149425,848.4516129,5.556883122,5.509548185,0.352160407,0.259390003,9.97
572AO,572,IslandBend,24.02.19,Reference,A,O,1080,847.87,9.04,421.08,3,2,6.66,0,0,0,0,4,3,3,1,72,4,1.5,1.7,47,10.2,2,0,66.41891892,46.08870968,36.41025641,8,7,0,6,14,0,45,0,2.1,20,45,2.52,1.62,1.9,7.47,0.327528052,22.80720678,11.65238508,5.53,40.7,21.36029368,2.04936443,5.453366533,3.009893382,0.893333685,2.282631138,0.232630504,0.443152341,0.246912899,673,353,41,0,91,29,1.9,4,31,2,2,8,8,4.2,89.2,28.1,38.7,435.8,4.8,212.5,0.34625,0.567704467,0.828368996,0.87639391,0.872021843,0.89789554,0.864580605,0.807923172,0.591119489,0.755049816,18194,614,716.2300885,4.740979847,4,29,2,9,10,4.25,34.33333333,2,9.166666667,10.25,1.320888343,1.686732192,0.661563238,1.7952464,0.421651232,0.000573394,0.126648509,0.000573394,0.005088876,0.093463303,38569,2889,3784.140145,6.583777692,830,594,1045.578947,804.7741935,5.34152926,5.494116712,0.381624776,0.210674951,4.05
572AT,572,IslandBend,24.02.19,Reference,A,T,1080,847.87,9.04,421.08,3,2,6.66,2,2,5,2,4,3,1,1,75,4,1.5,1.7,40,10.2,2,0,61.68269231,46.38059701,37.6744186,0,0,0,0,20,0,80,0,0,20,80,2.63,1.93,2.11,8.34,0.352908227,23.63220625,14.96943135,5.68,48.7,24.67113597,2.494963096,7.511387601,3.414057282,1.018880872,2.254286223,0.10880716,0.630045036,0.185942152,877,435,40,0,84,24,0,2,39,0,0,0,0,61.9,973.1,149.4,371.1,756.1,23.7,133.6,0.291666667,0.871376955,0.983631828,1.037276336,1.075004399,1.125236655,1.07100971,0.983151568,0.77188879,0.866660848,40526,627,839.18,4.29668258,0,35,3,13,7,0,41.75,3,19.25,7.25,0,1.95434332,0.76750275,1.802026184,1.477670667,0,0.074684633,0.002723624,0.004443807,0.002938647,32388,2944,3716.611418,6.718011129,1051,519,1343.892655,644.3882353,5.780796394,5.205750653,0.41852584,0.19198908,9.26
572BO,572,IslandBend,24.02.19,Reference,B,O,1080,847.87,9.04,421.08,3,2,6.66,0,0,0,0,4,2,1,1,50,4,1.5,1.3,22,7.8,2,0,63.04054054,41.25,30.25641026,0,0,0,0,50,15,25,0,1.9,50,40,2.13,1.18,1.78,6.34,0.264071486,24.00865042,13.25089139,5.58,37.6,23.22059608,2.830811544,5.254861912,3.714759208,1.431050655,1.805805402,0.147501651,0.412625596,0.175817489,298,131,39,0,29,7,1.6,3,115,0,0,0,0,8.7,185.2,41.9,221.4,371.1,38.2,101.4,0.34625,0.650532261,0.910628188,0.984761023,0.975629738,1.036077404,0.978897887,0.913513806,0.709437389,0.898239026,31676,644,779.4017094,4.740803811,1,40,2,9,10,1,41.8,2,10,20,0,2.203181089,0.500402424,1.980403052,1.25988108,0.000430046,0.146860665,0.000716743,0.002508601,0.010679472,28248,2676,3209.731273,6.591126756,824,505,962.2225806,611.988764,5.440805589,5.380296953,0.406570649,0.177303963,3.84
572BT,572,IslandBend,24.02.19,Reference,B,T,1080,847.87,9.04,421.08,3,2,6.66,0,0,0,0,4,4,1,1,98,5,1.5,2,45,15,2,0,73.17567568,55.76612903,48.71794872,0,0,0,0,2,15,35,0,0,2,50,1.95,1.15,1.72,5.96,0.231466006,25.74892141,12.68961562,5.24,40.7,30.48594513,3.356033624,6.863734136,4.539897729,1.66857126,4.058444568,0.353856177,0.544602289,0.317767591,1043,590,40,0,70,35,2.1,1,28,2,2,8,8,8.5,62.3,9,40.7,279.7,9.6,30.7,0.291666667,0.552779768,0.74218952,0.842953883,0.885185712,0.888181604,0.880514254,0.770235807,0.551840169,0.685981853,36015,628,844.2425743,4.548989644,4,35,2,21,8,8.5,36.33333333,2,33.5,8.166666667,1.33217904,2.141372481,0.636514168,0.321857568,0.970733675,0.000358372,0.260607798,0.000430046,0.081493693,0.022649083,33393,2545,3197.165298,6.389411206,750,480,951.0703704,590.94,5.119191539,5.312612511,0.417772757,0.183705168,3.04
572CO,572,IslandBend,24.02.19,Reference,C,O,1080,847.87,9.04,421.08,3,2,6.66,0,0,0,0,4,3,2,1,80,5,1.5,1.7,35,12.75,2,1,69.7972973,51.22983871,42.94871795,5,0,0,0,15,0,65,0,3.3,15,65,1.6,0.83,1.38,4.72,0.209079589,22.57513523,14.7703316,5.56,29.3,31.01763794,3.936747574,7.297213713,4.223801893,1.807530147,3.037750706,0.332562932,0.688153198,0.220513108,837,262,23,1.2,94,26,10.1,2,139,1,1,4,4,18.9,105.9,16.8,34.7,181.9,8.2,48.7,0.310208333,0.623522988,0.46357194,0.557306966,0.646851633,0.579720153,0.589998991,0.733192829,0.446294213,0.825735244,25773,620,754.4734043,4.575814361,1,32,2,16,11,1,56.5,2,25,26,0,1.734043762,0.38454292,1.272840791,1.041186267,7.16743E-05,0.361811927,0.002221904,0.020355505,0.008672592,29867,2644,3154.609641,6.634109814,727,562,901.4961538,632.1039604,5.428845711,5.376664972,0.325331827,0.25477737,3.19
572CT,572,IslandBend,24.02.19,Reference,C,T,1080,847.87,9.04,421.08,3,2,6.66,0,0,0,0,4,4,2,1,83,5,1.5,2,55,15,2,0,73.17567568,55.76612903,48.71794872,0,15,0,5,3,10,60,0,0,8,70,2.02,1.14,1.65,5.93,0.275333784,21.537495,18.12371159,5.68,52.4,27.69482277,2.934433779,6.897780256,3.570141742,1.457010206,3.219984704,0.386693241,0.56607184,0.266863738,772,378,41,0,32,20,1.09,1,13,2,1,8,4,18.5,175.7,20.2,31.4,211.2,17.8,63.9,0.313333333,0.676494268,1.162269842,1.29073299,1.008301991,1.109863406,1.152311903,1.214443569,0.441248352,0.886378539,31653,715,912.3965517,4.777386073,1,26,2,21,12,1,56.25,2,31,44,0,1.338661594,0.530705761,1.837246803,1.454644516,7.16743E-05,0.19946961,0.009962729,0.007597477,0.00365539,40864,3302,4376.256079,6.815885177,1122,636,1412.58296,807.7212389,5.811804907,5.61063482,0.439612162,0.186199755,2.72
572DO,572,IslandBend,24.02.19,Reference,D,O,1080,847.87,9.04,421.08,3,2,6.66,0,0,0,0,4,3,2,1,75,4,1.5,1.7,35,10.2,2,5,66.41891892,46.08870968,36.41025641,2,3,0,8,12,15,35,0,4.85,20,50,2.16,1.42,1.84,7.04,0.274989528,25.60097489,16.20243822,5.45,47.4,31.46574483,3.534318047,7.554935671,4.475943211,1.663618358,4.222635722,0.377492965,0.697692563,0.311277893,933,401,48,1,101,28,4.1,2,44,8,4,32,16,8.3,92.1,16.6,10.8,107.4,9.1,36.6,0.310208333,0.626588243,1.384577201,1.055122607,0.971469817,1.319626442,1.287820044,1.523751474,0.453801053,1.231338702,32266,782,987.8496241,4.764339702,1,46,3,21,18,1,62.9,4,37,21.125,0,1.676493342,0.147843978,1.639207985,0.812869655,7.16743E-05,0.137829702,0.005088876,0.028024656,0.062356651,40086,3150,4169.365169,6.754431868,999,583,1300.453608,781.019802,5.603164511,5.574698253,0.435517274,0.177209828,3.83
572DT,572,IslandBend,24.02.19,Reference,D,T,1080,847.87,9.04,421.08,3,2,6.66,0,0,0,0,4,3,2,1,75,4,1.5,2,48,12,2,1,66.41891892,49.71774194,41.02564103,2,8,0,1,14,0,60,0,0,15,60,2.13,1.27,1.93,6.91,0.28482608,24.26041888,20.63477631,5.86,48.8,52.36426633,6.018764568,14.06217741,6.982404892,2.847902325,5.012238328,0.944924167,1.566468734,0.205256074,898,603,27,0,82,14,1.4,1,21,2,2,8,8,19.5,143.4,27.6,69.6,162.1,15.1,82.6,0.313333333,0.86089821,0.775195472,0.5706723,0.837548172,0.882032358,0.698937104,0.569711761,0.420908747,0.585220898,28779,742,962.0045045,4.963499865,0,39,6,21,14,0,42.0625,6,25.9,29,0,1.922570132,1.034968034,2.329573502,0.616903698,0,0.115037271,0.010249427,0.009676032,0.078268349,44881,3406,4302.612259,7.009840189,1130,632,1397.592593,786.5805085,5.9544619,5.682233144,0.448413819,0.182669679,4.94
573AO,573,IslandBend,24.02.19,Reference,A,O,1030,859.78,8.89,419.60,3,2,6.66,0,0,0,0,4,4,4,2,50,4,1.5,2,28,12,2,3,69.7972973,51.73387097,43.58974359,45,0,0,0,5,5,15,0,1.7,5,20,1.13,0.71,0.73,3.22,0.185001799,17.40523612,10.85551809,5.79,44.5,28.10257172,3.030953007,6.050648189,3.785158414,1.180837301,4.479849992,0.256941448,0.560665111,0.403104111,354,79,64,6,89,62,114.9,3,259,1,1,4,4,38.9,273.1,21.2,132.3,505.3,38,185.8,0.3240625,0.675416583,0.750130471,0.812705841,0.821584242,0.7830549,0.774717849,0.715482323,0.578775312,0.768047888,32357,648,811.6296296,4.391071641,0,36,1,13,9,0,38.57142857,1,17.16666667,12,0,2.148576056,0,1.996955108,1.934406834,0,0.104286124,0.000645069,0.003297018,0.002150229,22781,2951,3527.125822,6.663703947,904,600,1051.888889,730.0208333,5.658171694,5.351794735,0.331074085,0.233738115,3
573AT,573,IslandBend,24.02.19,Reference,A,T,1030,859.78,8.89,419.60,2,2,6.66,0,0,0,0,4,4,2,1,83,5,1.5,2,30,15,2,2,73.17567568,53.75,46.15384615,15,0,0,0,2,5,35,0,0,2,40,1.25,0.7,0.94,3.76,0.173543608,21.6660241,11.21708917,5.91,57,N/A,N/A,N/A,N/A,N/A,N/A,N/A,N/A,N/A,601,177,75,0,189,88,19.1,4,352,7,4,28,16,15.1,131.4,14.4,65.2,205.7,10,91.5,0.3240625,0.806590637,0.863617399,0.983222032,1.045935131,1.073337113,0.98680578,0.929618955,0.749555122,0.865760873,21037,564,664.2315789,4.328254949,0,36,2,8,9,0,39.125,2,10,11,0,1.968490401,0.693147181,1.68783525,0.630764741,0,0.363317087,0.000286697,0.00315367,0.033758601,40871,2356,3192.761261,6.065935208,716,451,980.4098361,588.1648352,4.957951242,4.584206153,0.385154853,0.213499012,3.22
573BO,573,IslandBend,24.02.19,Reference,B,O,1030,859.78,8.89,419.60,3,2,6.66,0,0,0,0,4,4,4,2,60,4,1.5,1.7,19,10.2,2,3,69.7972973,48.10483871,38.97435897,35,0,0,0,5,10,0,0,3,5,10,1.06,0.59,0.74,3.06,0.163754397,18.68652111,12.25784203,5.83,30.3,22.46514246,2.348584441,4.173141173,3.127063632,0.917645827,3.400926762,0.662211211,0.453986276,0.425210832,147,30,40,6,36,12,3.9,4,92,2,1,8,4,67.5,605.7,159.6,303,521.6,41.6,161.7,0.3240625,0.806580707,0.929340562,0.944881714,1.004851622,1.044431072,0.99281187,0.791670238,0.69496263,0.898641246,29529,630,776.6851852,4.420056794,2,38,1,19,4,2.5,38.33333333,1,35,6,0.636514168,1.784574619,0,1.987010921,1.088899975,0.000215023,0.30418578,7.16743E-05,0.020713876,0.000716743,33176,3492,4524.262262,6.923057143,1043,671,1285.449367,853.5155039,5.758314162,5.580798474,0.353854843,0.212698861,1.54
573BT,573,IslandBend,24.02.19,Reference,B,T,1030,859.78,8.89,419.60,3,2,6.66,0,0,0,0,4,4,4,2,35,3,1.5,1.7,15,7.65,2,4,66.41891892,42.96370968,32.43589744,65,0,0,0,0,20,45,0,0,0,65,1.17,0.79,0.72,3.36,0.178051035,18.87099392,11.84193201,5.64,44.3,27.70330093,2.486586044,4.980588787,4.28047154,0.998227389,5.375718493,0.393894711,0.412407662,0.558558171,350,56,41,3,67,41,4.5,3,151,1,1,4,4,6.4,97.1,22.6,26.9,146.5,9,65.5,0.3240625,0.747538429,0.906636939,0.929372749,0.930411961,0.959913615,0.754697788,0.789172433,0.659139569,0.76186573,27891,692,860.2522124,4.597086552,1,39,1,21,7,1,49.66666667,1,29,8,0,1.841223511,0,2.698697832,0.937149132,0.000143349,0.297305046,0.000143349,0.005518922,0.075401376,29228,2861,3525.24,6.663668984,1011,476,1211.621134,555.6263158,5.635037044,5.281154607,0.45509743,0.169820201,2.86
573CO,573,IslandBend,24.02.19,Reference,C,O,1030,859.78,8.89,419.60,4,2,6.66,0,0,0,0,4,3,3,2,50,4,1.5,1.7,62,10.2,2,2,66.41891892,50.12096774,41.53846154,30,7,0,0,20,25,10,0,2.8,20,35,1.62,1.13,1.31,5.08,0.252697466,20.1030904,15.34123666,6.15,52,22.55602956,2.802822768,5.300588751,3.394606331,1.304368814,2.204573776,0.277891282,0.608663641,0.229264822,184,39,25,14,35,11,2.9,1,41,0,0,0,0,5,77.7,10.4,95.9,90.3,3.4,234.6,0.3325,0.468073306,0.526083867,0.541592661,0.551818159,0.593105911,0.557325754,0.497051578,0.381447518,0.559969753,30731,739,991.05,4.978024457,1,42,3,20,18,1,56.4,4,28.16666667,30.25,0,1.78242092,0.950270539,1.809073575,2.621463492,7.16743E-05,0.21509461,0.000358372,0.017201835,0.004372133,29975,3304,4149.441088,6.98626508,1086,585,1386.066845,695.3448276,5.851843999,5.455621949,0.426809752,0.191283065,2.66
573CT,573,IslandBend,24.02.19,Reference,C,T,1030,859.78,8.89,419.60,4,2,6.66,2,2,3,2,3,4,1,1,87,5,1.5,2,50,15,2,0,64.08653846,57.20149254,51.1627907,0,7,0,0,10,0,65,0,0,10,65,1.82,1.33,1.2,5.51,0.286613185,19.22451685,25.79453394,5.88,95.5,24.1212552,2.351161103,4.446489898,3.406618316,1.2072096,4.96222015,0.40312002,0.402925457,0.594296472,735,300,51,0,141,119,9.7,2,123,5,3,20,12,14.5,91.9,28,268.6,122.8,12.2,220.4,0.268541667,0.527623664,0.726865039,0.784920933,0.780291862,0.788645526,0.672222236,0.710927597,0.394356944,0.61616201,35282,503,649.3950617,4.067249144,0,39,3,7,3,0,42,3.5,8,4,0,1.855311155,0.955699891,1.70239686,0.79631164,0,0.226490826,0.00050172,0.002508601,0.00050172,34808,2864,3765.99287,6.509340753,1148,508,1442.434043,688.0930233,5.629408147,5.019790683,0.504330227,0.167231479,3.61
573DO,573,IslandBend,24.02.19,Reference,D,O,1030,859.78,8.89,419.60,2,3,3.33,4,4,2,2,4,4,2,1,95,5,1.5,2,25,15,2,1,70.50480769,50.98880597,46.51162791,5,0,0,0,5,5,40,0,1.3,5,45,1.13,0.83,0.67,3.45,0.217006205,15.89816291,16.49453333,5.65,32.7,32.98683638,3.693645858,7.029290746,4.544994341,1.369678216,4.962991094,0.422070002,0.870571907,0.37095629,403,105,44,2,60,23,9.5,4,157,0,0,0,0,28.7,208.3,48.9,16,105.5,33.7,99.5,0.3325,0.528182018,0.640605954,0.695330797,0.592769644,0.688139854,0.521966462,0.504727877,0.34541949,0.652594694,34631,762,979.156,4.752262872,0,61,1,22,10,0,79.28571429,1,28.25,16.25,0,2.564194596,0,2.389884524,0.557807719,0,0.117259174,7.16743E-05,0.027737959,0.010751147,41364,3677,4799.426452,7.102762092,1207,701,1548.426295,896.9259259,6.048001588,5.56995624,0.385578462,0.214487433,1.67
573DT,573,IslandBend,24.02.19,Reference,D,T,1030,859.78,8.89,419.60,4,2,6.66,0,0,0,0,4,4,2,1,84,5,1.5,2,37,15,2,2,73.17567568,57.78225806,51.28205128,16,9,0,0,0,0,55,0,0,0,55,1.13,0.67,0.83,3.22,0.170320448,18.90553973,10.57523047,5.76,69.1,N/A,N/A,N/A,N/A,N/A,N/A,N/A,N/A,N/A,843,320,86,1,164,109,3.3,2,59,9,4,36,16,17,315.2,117.2,259.5,397.5,14.5,98.8,0.268541667,0.508693013,0.589639861,0.6377669,0.664921482,0.64156385,0.609558303,0.562055737,0.479712578,0.393336252,N/A,N/A,N/A,N/A,N/A,N/A,N/A,N/A,N/A,N/A,N/A,N/A,N/A,N/A,N/A,N/A,N/A,N/A,N/A,N/A,N/A,N/A,N/A,N/A,N/A,N/A,N/A,N/A,N/A,N/A,N/A,N/A,N/A,N/A,N/A,N/A,3.2
574AO,574,IslandBend,25.02.19,Reference,A,O,1070,933.25,8.58,419.15,3,2,6.66,0,0,0,0,4,4,3,1,45,3,1.5,1.3,25,5.85,2,1,66.41891892,37.31854839,25.25641026,40,0,0,10,0,3,28,0,0.8,10,31,1.26,0.81,0.77,3.49,0.187694667,18.59402859,13.14815155,5.34,48,23.60325854,2.547251481,4.852251278,3.714786299,1.131117898,3.587445253,0.300393889,0.284635354,0.391299053,349,140,54,1,83,34,12.5,2,130,1,1,4,4,13.2,42.6,5.2,149.8,414.7,4.1,47.2,0.442083333,0.403539833,0.442140944,0.460762225,0.472519592,0.497858483,0.497900421,0.472350415,0.409648734,0.422466116,35422,708,914,5.043718191,1,27,1,11,13,1,33.4,1,15.5,14.125,0,0.848783247,0,1.556210778,1.638535448,0.000430046,0.097620413,0.001290138,0.012758028,0.013618119,34041,3030,3655.510621,6.83821,902,602,1074.45509,724.2545455,5.651692371,5.470564182,0.383931093,0.200884872,2.7
574AT,574,IslandBend,25.02.19,Reference,A,T,1070,933.25,8.58,419.15,3,2,6.66,0,0,0,0,4,4,3,1,65,4,1.5,1.3,30,7.8,2,1,69.7972973,41.25,30.25641026,25,5,0,0,10,3,40,0,0,10,43,1.87,1.38,1.2,5.62,0.275495177,20.3996312,12.68927992,5.72,56.6,24.63060255,2.380222621,5.018878166,3.718654402,1.129876661,4.148615233,0.702215182,0.33210344,0.44867481,288,118,52,3,69,23,6.1,2,130,4,3,16,12,19.4,334.7,96.6,107.9,225.6,22,146.4,0.401666667,0.473871547,0.566520565,0.593154021,0.618585832,0.601554102,0.584830074,0.533534819,0.398747098,0.527577392,25874,642,802.7826087,4.783423453,5,44,2,8,2,5.25,52,3,12.5,2,1.313010592,2.146123029,0.693147181,1.374355419,0.124250837,0.001218463,0.194739106,0.000143349,0.004802179,0.00265195,48288,3190,4416.05153,6.728874151,1091,562,1507.307107,747.3256881,5.653650414,5.352625735,0.442812765,0.171420503,3.67
574BO,574,IslandBend,25.02.19,Reference,B,O,1070,933.25,8.58,419.15,2,2,6.66,0,0,0,0,4,3,5,2,40,3,1.5,1.7,22,7.65,2,3,63.04054054,40.94758065,29.87179487,35,0,0,12,10,15,5,0,2.2,22,20,0.96,0.66,0.56,2.78,0.164852607,16.86354889,12.40448213,5.49,44.5,20.59201676,2.057746884,4.138169784,3.035254779,0.912937509,3.279900528,0.250728035,0.404852412,0.425670276,244,57,41,0.1,33,16,3.06,3,80,2,1,8,4,11.7,69.6,17.7,83.8,183.7,7.1,62.2,0.442083333,0.431864337,0.557642685,0.601344898,0.559913324,0.574183404,0.573931036,0.530184395,0.41046598,0.489151271,31432,675,953.9414894,4.371018985,0,49,0,8,10,0,63.0625,0,16,14.5,0,2.102289088,0,1.774476839,1.795082044,0,0.212944381,0,0.001648509,0.006737385,51300,3225,4620.065747,6.518800599,967,657,1365.699454,859.1504065,5.291769547,5.222854305,0.335592582,0.262731808,2.81
574BT,574,IslandBend,25.02.19,Reference,B,T,1070,933.25,8.58,419.15,3,2,6.66,0,0,0,0,4,4,4,2,30,3,1.5,1.7,40,7.65,2,2,66.41891892,42.96370968,32.43589744,60,10,0,0,0,15,30,0,0,0,45,1.28,1.19,0.74,4.27,0.261710417,16.31574337,21.0983718,5.42,69.9,24.28575289,2.366354095,5.448300473,3.289319132,1.073346447,4.515497912,0.130852065,0.503692043,0.463983021,459,168,39,3,84,25,5.6,4,100,10,2,40,8,26,70.2,30,100.9,228.6,14.1,184.6,0.401666667,0.506219217,0.559635348,0.578991753,0.593112603,0.582564586,0.614199846,0.589066946,0.481759355,0.469716155,24378,666,833.9417476,4.560112431,2,28,2,25,9,2.5,29.63636364,2,31,11,0.636514168,1.411931308,0.198515243,2.623311694,0.592902418,0.000215023,0.265696674,0.001433486,0.017703555,0.056049312,31323,3103,3774.858859,6.818269215,1073,600,1286.925926,729.852459,5.812543123,5.457871102,0.408829897,0.21048668,3.4
574CO,574,IslandBend,25.02.19,Reference,C,O,1070,933.25,8.58,419.15,2,2,6.66,0,0,0,0,4,4,2,1,85,5,1.5,1.3,27,9.75,2,1,73.17567568,43.16532258,32.69230769,7,0,0,0,8,5,5,0,2.1,8,10,1.2,0.74,0.87,3.62,0.179076749,20.2147963,15.86502855,5.6,40.5,21.71667844,2.092639041,4.794753907,3.199777023,0.78563888,3.076091384,0.288048747,0.355566003,0.362432544,531,218,58,0.1,89,41,10,2,90,4,1,16,4,25.3,188.1,45.4,182.3,300.7,37.5,133.6,0.455833333,0.461312549,0.410368495,0.487922853,0.513109135,0.552335502,0.515347139,0.49460257,0.441588613,0.509901492,35478,577,720.8202247,4.498773486,1,39,0,11,6,1,57,0,13.25,6.166666667,0,2.080216804,0,2.004289309,0.926655415,0.000286697,0.316370413,0,0.004372133,0.003225344,39757,3150,4143.200758,6.628619575,987,590,1309.821244,776.3970588,5.592423707,5.260656617,0.354466723,0.211851643,3.89
574CT,574,IslandBend,25.02.19,Reference,C,T,1070,933.25,8.58,419.15,3,2,6.66,0,0,0,0,4,2,3,2,55,4,1.5,2,15,12,2,2,63.04054054,51.73387097,43.58974359,7,0,0,5,33,1,45,0,0,38,46,1.53,0.82,1.06,4.21,0.206404505,20.39684165,16.95986125,5.72,39.5,27.2293397,3.602411908,6.353655705,3.82201741,1.568294824,2.919053348,0.10593318,0.531889071,0.24510384,249,127,29,1,43,20,2.2,2,260,5,2,20,8,7.7,109.5,9.7,28.2,44.7,9.1,151.2,0.416458333,0.657142958,0.762163346,0.798616989,0.81574188,0.829217898,0.771270576,0.705783169,0.510955192,0.739937037,24748,664,864.2634409,4.794435895,1,27,0,23,11,1,31.5,0,32,12,0,1.573074389,0,1.828643035,2.281431656,7.16743E-05,0.175745413,0,0.046516628,0.002365252,27850,3360,4082.882857,6.966461821,1114,635,1358.170404,726.0037879,5.984454493,5.372748987,0.373387932,0.225077662,2.17
574DO,574,IslandBend,25.02.19,Reference,D,O,1070,933.25,8.58,419.15,3,2,6.66,0,0,0,0,4,4,3,2,70,4,1.5,1.7,28,10.2,2,3,69.7972973,48.10483871,38.97435897,20,0,0,2,8,7,0,0,2,10,7,0.76,0.71,0.41,2.55,0.164067046,15.54242647,8.280257014,5.5,31,24.06237563,2.141176388,4.183157217,3.260904973,0.835330923,5.245090375,0.466051083,0.364492449,0.65145661,402,59,38,6,50,28,10.4,4,202,1,1,4,4,9,159.4,35.7,23.2,158,16.6,59,0.455833333,0.530762231,0.606021439,0.647099458,0.680255915,0.671814115,0.65708035,0.59386846,0.525173798,0.631604318,32843,602,817.2228261,4.192314875,1,37,0,15,4,1,53.33333333,0,16,5,0,1.308122364,0,1.706916926,1.255482325,7.16743E-05,0.220398509,0,0.032396789,0.000573394,27369,2553,3114.303571,6.585510402,732,489,929.3965517,562.011236,5.27516837,5.231895416,0.335922056,0.234773604,1.4
574DT,574,IslandBend,25.02.19,Reference,D,T,1070,933.25,8.58,419.15,4,2,6.66,0,0,0,0,4,4,4,2,77,5,1.5,1.7,58,12.75,2,3,73.17567568,55.26209677,48.07692308,20,12,0,0,3,10,25,0,0,3,35,1,0.86,0.54,3.13,0.205929943,15.19934377,16.61425727,5.74,42,17.86739806,1.692345572,3.60723551,2.973732716,0.797559303,3.387594677,0.227871029,0.29121727,0.513966741,622,285,63,5,113,34,10.5,2,50,10,3,40,12,21.7,251.7,72.8,135.6,150,50.3,132.9,0.416458333,0.605831357,0.732581445,0.85329934,0.852536403,0.853516433,0.699650381,0.721015903,0.589414809,0.75762345,51671,771,1025.094697,4.779849256,2,48,2,20,7,2.5,55.68181818,2,30,11.5,0.636514168,2.40621963,0.286835983,2.546371316,1.517651621,0.000215023,0.16305906,0.000860092,0.004085436,0.001863532,70981,3623,5240.424592,6.73793668,1194,736,1638.925,1160.545045,5.669295169,5.356963309,0.37159936,0.243716464,1.99
575AO,575,ValveHouse,23.02.19,Rehab,A,O,1040,762.42,8.96,415.46,3,2,6.66,0,0,0,0,4,4,4,1,60,4,1,1.3,8,5.2,2,0,69.7972973,36.00806452,23.58974359,0,0,40,35,5,0,0,0,3.7,40,0,0.42,0.38,0.19,1.66,0.089160862,18.61803448,11.80553724,7.66,155.2,11.84687759,1.296231755,2.473392312,1.675156603,0.552935156,1.850174346,0.215113451,0.344654912,0.39284164,285,2,0.82,0,45,3,0.6,2,9,0,0,0,0,5.7,71.3,3.9,13.9,15.5,5.1,142.4,0.238958333,0.630992966,0.708146481,0.619955068,0.550490953,0.713355526,0.733022956,0.962163785,0.338997015,0.592161356,33136,578,711.0578947,4.687385808,7,16,3,9,10,8,16.64285714,3.25,21.5,13,1.393072799,1.416892898,1.054920168,1.139857718,1.015607094,0.005017202,0.038274083,0.000358372,0.006522362,0.035550459,42453,3415,4369.725904,7.181274148,1240,454,1571.968085,553.4117647,6.086187784,5.4411685,0.450484797,0.125623647,0.86
575AT,575,ValveHouse,23.02.19,Rehab,A,T,1040,762.42,8.96,415.46,2,2,6.66,0,0,0,0,4,4,5,1,35,3,1.5,1.3,11,5.85,2,0,66.41891892,35.30241935,22.69230769,0,0,20,55,10,5,40,0,0,65,45,0.52,0.54,0.2,1.91,0.135063229,14.14152476,14.59301414,6.67,166.5,13.71302636,1.190555457,2.757123519,1.827815774,0.511599744,2.79569073,0.291557812,0.278256316,0.562296501,291,36,5,0,3,9,0.48,2,7,3,2,12,8,74.6,692.8,159.9,313.8,107.3,94.2,295.1,0.245416667,0.573458377,0.603710637,0.686778965,0.640820946,0.605112973,0.618817736,0.515926587,0.375617978,0.669631325,30039,704,871.8064516,4.858830302,3,13,0,13,14,3.25,16.125,0,14.5,26.5,1.054920168,1.323994137,0,1.541055956,1.938191766,0.000358372,0.018563647,0,0.009532683,0.006880734,37871,3275,4112.597668,7.047248552,1338,382,1654.897112,451.2191011,6.050926312,5.307647849,0.520427375,0.094370705,0.69
575BO,575,ValveHouse,23.02.19,Rehab,B,O,1040,762.42,8.96,415.46,3,2,6.66,0,0,0,0,4,4,5,1,10,2,1,1,5,2,2,0,63.04054054,29.55645161,15.38461538,0,0,3,70,20,0,0,0,1.4,90,0,0.18,0.13,0.07,0.71,0.0087683,80.97350303,16.03685495,6.66,16.37,8.193999389,1.162316528,1.448283859,1.212421402,0.472701998,0.884369896,0.275484969,0.199890557,0.265505732,12,0.32,2.3,0,0.15,0,0,0,0,7,0,28,0,3.3,26.6,3.9,7.5,20,2.6,125.5,0.238958333,0.633891559,0.693375262,0.724488561,0.669581089,0.685258382,0.745986851,0.590411783,0.549232417,0.632795985,25501,430,578.0277778,3.667762883,2,26,1,14,8,2,30.16666667,1,16.66666667,10.66666667,0.673011667,0.634279859,0,0.533303696,1.991509361,0.000358372,0.172950115,0.000286697,0.049885321,0.000931766,50278,3358,4386.346626,7.122951743,1124,510,1477.673267,632.0247525,6.083970233,4.95792167,0.386661019,0.218252848,0.18
575BT,575,ValveHouse,23.02.19,Rehab,B,T,1040,762.42,8.96,415.46,3,2,6.66,0,0,0,0,2,3,3,1,35,3,1.5,1.7,8,7.65,2,0,56.28378378,40.94758065,29.87179487,0,0,10,20,55,0,35,0,0,75,35,0.72,0.72,0.22,2.27,0.145125777,15.64160447,30.12747217,6.65,77.5,29.9884897,3.125741585,5.665327743,4.234336222,1.2413692,5.968928097,0.248524118,1.021633716,0.511067117,50,10,3,0,5.4,1.6,0.3,1,4,0,0,0,0,75,330.3,58.5,106.5,116.6,39.7,304,0.245416667,0.71349038,0.689073311,0.650794103,0.608995835,0.717481177,0.622430201,0.608728681,0.459690134,0.68482885,31220,658,821.980198,4.608722605,0,21,0,13,7,0,53,0,17.16666667,17,0,0.912516663,0,1.725177571,1.748155457,0,0.147147362,0,0.00516055,0.000860092,28885,3175,3963.439292,7.117612806,1260,389,1551.585973,490.9452055,6.168771049,5.069511068,0.490115787,0.126470865,1.08
575CO,575,ValveHouse,23.02.19,Rehab,C,O,1040,762.42,8.96,415.46,4,2,6.66,0,0,0,0,3,3,3,1,30,3,1,1.7,13,5.1,2,0,59.66216216,37.82258065,25.8974359,0,0,25,40,30,0,0,0,3.8,70,0,0.74,0.82,0.37,2.5,0.180455035,13.85386668,17.21925013,7.51,116.5,24.23586738,2.453995809,5.340786877,2.823608146,1.058427614,3.534210157,0.405073804,1.11393905,0.347119204,172,2.4,0.4,0,11.8,6.7,0.2,3,8,0,0,0,0,57.6,397.5,68,32.5,48.7,74.8,396,0.2225,0.468129164,0.504983054,0.451978555,0.514258115,0.54568491,0.502835713,0.503079588,0.335250086,0.416940717,35278,673,866.8846154,4.729908592,5,36,1,16,11,6,59.14285714,1,32,15.5,1.336455756,1.397175008,0,2.505665521,1.73455215,0.001505161,0.028024656,0.000215023,0.002866972,0.006737385,46531,3548,4616.498617,7.182474973,1225,476,1569.590336,620.0055556,6.075410326,5.108159331,0.404782077,0.173444413,0.96
575CT,575,ValveHouse,23.02.19,Rehab,C,T,1040,762.42,8.96,415.46,2,2,6.66,0,0,0,0,4,3,5,1,30,3,1.5,1.7,22,7.65,2,0,63.04054054,38.93145161,27.30769231,0,0,13,50,20,0,60,0,0,70,60,0.48,0.48,0.25,1.78,0.092003619,19.347065,12.3038693,7.7,109.7,17.42069454,1.893007823,3.57235004,2.399799597,0.796172975,2.840547385,0.243266628,0.6030222,0.407943748,331,61,7,0,42,13.4,1.3,2,21,1,1,4,4,22,108.5,15.8,15,42.7,14.9,171.4,0.249166667,0.454569829,0.524964577,0.563770309,0.600069248,0.547005712,0.51069036,0.413483537,0.348022199,0.53031235,35933,619,781.2241379,4.354512971,0,16,2,16,10,0,26,2,22.4,12.25,0,0.877302543,0.570047171,2.20229014,1.37898543,0,0.168506307,0.002508601,0.003798739,0.010751147,36749,3963,5138.640147,7.343439917,1405,616,1813.981949,757.7868852,6.306636728,5.477639457,0.418102231,0.176597948,1.42
575DO,575,ValveHouse,23.02.19,Rehab,D,O,1040,762.42,8.96,415.46,2,2,6.66,0,0,0,0,4,4,3,1,65,4,1,1.7,15,6.8,2,0,69.7972973,37.21774194,25.12820513,0,0,60,25,10,0,0,0,3.3,35,0,1.98,2.14,0.97,6.71,0.421746004,15.91004999,61.34031347,6.13,101.7,24.26944777,2.44108421,5.762547876,3.21209283,0.865151146,4.325226631,0.259330865,0.467263834,0.428758023,612,4,1.3,0,1,44,1.6,3,18,0,0,0,0,54.7,200.9,46.5,37.4,91,13.1,223.1,0.2225,0.474139165,0.604288159,0.642243717,0.637709499,0.657095091,0.653645952,0.546947281,0.495173895,0.530755602,33388,529,663.9113924,4.450974523,1,11,0,9,14,1,17,0,12,22,0,1.268863811,0,1.893323769,1.818286472,0.000143349,0.042574541,0,0.002795298,0.011109518,35180,3058,3826.521605,6.813402513,1240,428,1528.751938,548.2882353,5.864462848,5.113763508,0.506071731,0.116021839,2.06
575DT,575,ValveHouse,23.02.19,Rehab,D,T,1040,762.42,8.96,415.46,4,2,6.66,0,0,0,0,4,4,5,1,27,3,1.5,1.7,27,7.65,2,0,66.41891892,42.96370968,32.43589744,0,0,3,70,7,10,40,0,0,77,50,1.11,1.08,0.51,3.61,0.217644212,16.58670345,22.41446422,6.88,108.5,17.85530818,1.561328191,3.511433822,2.614693071,0.644973932,3.229364581,0.361266462,0.574934859,0.500442419,350,96,39,0,63,9,0.8,1,8,2,1,8,4,10,163.3,12.2,68.5,44.7,1.2,178.5,0.249166667,0.469925782,0.52522681,0.539344995,0.550458237,0.546686935,0.512192885,0.482088341,0.449221676,0.456156059,27541,709,869.1666667,5.113308755,1,18,1,14,9,1,20,1,34.25,13.5,0,1.20069688,0,1.647426529,1.574581646,7.16743E-05,0.087227638,0.000286697,0.004443807,0.00516055,44360,3661,4835.626752,7.093240375,1448,509,1894.055749,683.970297,6.09057784,5.423166851,0.514543914,0.123176127,1.72
576AO,576,ValveHouse,23.02.19,Reference,A,O,1060,791.21,8.77,414.34,3,2,6.66,2,2,10,2,4,4,3,2,65,4,1.5,1.7,25,10.2,2,3,64.08653846,48.24626866,40,15,0,0,0,10,5,0,0,3.1,10,5,0.8,0.6,0.48,2.63,0.167407437,15.71017422,13.10718957,6.04,26.6,25.05571908,3.166389363,5.17193916,3.598173043,1.166812977,2.95628877,0.309332133,0.664256928,0.292871192,245,35,26,11,32,20,0.76,3,41,0,0,0,0,14.5,33,16.2,91.5,151.1,11.9,177.6,0.176458333,0.54943395,0.621447848,0.677558151,0.662250543,0.652972169,0.626568375,0.579714602,0.503568859,0.659015794,33976,563,735,4.352723193,2,40,1,14,9,2.5,52.25,1,15.125,12,0.636514168,2.365338591,0,2.084405426,1.919527623,0.000215023,0.462084289,0.001075115,0.006952408,0.003798739,27350,3407,4115.558433,6.916247586,1085,743,1330.25,855.0801282,6.063816614,5.455389701,0.333239198,0.282970912,1.91
576AT,576,ValveHouse,23.02.19,Reference,A,T,1060,791.21,8.77,414.34,3,2,6.66,0,0,0,0,4,4,2,1,97,5,1.5,2,46,15,2,2,73.17567568,55.76612903,48.71794872,3,10,0,0,0,0,25,0,0,0,25,0.67,0.35,0.55,2.22,0.127021829,17.47731099,17.92681778,6.3,35.8,19.36799779,2.490221626,5.117757061,2.529065331,1.308964152,1.652223423,0.168166415,0.702075981,0.184563013,760,264,97,0,138,61,1.9,2,35,6,1,24,4,48.3,180.3,72.5,326.4,224.1,28.9,307.8,0.303541667,0.71942514,0.881298347,0.941977636,0.918667559,0.967201349,0.782218058,0.713277097,0.576643963,0.793810159,19036,593,723.6122449,4.405802794,2,41,1,13,13,2.5,73.66666667,1,17.5,19.25,0.636514168,2.136997986,0,2.28809241,0.388498506,0.000215023,0.361453555,0.000143349,0.00415711,0.087944381,38692,3888,4957.806228,7.229631848,1360,865,1713.981356,1094.166667,6.299916831,5.740923207,0.391791396,0.258825191,2.83
576BO,576,ValveHouse,23.02.19,Reference,B,O,1060,791.21,8.77,414.34,2,2,6.66,0,0,0,0,4,3,3,2,65,4,1.5,1.7,22,10.2,2,3,66.41891892,46.08870968,36.41025641,15,0,0,10,10,5,0,0,2.9,20,5,1.07,0.66,0.96,3.6,0.193439108,18.61050762,16.70882325,6.21,40.6,28.89977604,4.203403698,6.574132028,4.295039326,1.767237693,1.75476334,0.492435812,1.065153768,0.136441751,596,85,25,2,66,80,1.9,2,85,3,1,12,4,20.4,125.8,26.7,40.4,112.2,20.9,144.6,0.176458333,0.67125298,0.793931911,0.872719144,0.860543919,0.86560187,0.830336493,0.716432857,0.508943051,0.811061593,23962,534,678.3769231,4.408389851,0,42,0,7,14,0,44.5,0,7.25,18,0,2.097723275,0,0.826055406,2.097022477,0,0.377006881,0,0.008457569,0.004515482,50016,4046,5822.509988,7.128862398,1435,764,2091.792453,1088.720149,6.154927809,5.547136322,0.412265838,0.218958863,2.1
576BT,576,ValveHouse,23.02.19,Reference,B,T,1060,791.21,8.77,414.34,3,2,6.66,0,0,0,0,4,4,2,1,93,5,1.5,2,35,15,2,1,73.17567568,55.76612903,48.71794872,2,5,0,0,10,0,65,0,0,10,65,0.44,0.26,0.32,1.58,0.098223448,16.08577218,12.04365597,5.99,36.6,22.96611936,3.66444143,4.679572165,3.48003672,1.448590117,2.153627208,0.082886496,0.591895876,0.214984429,723,209,51,0,109,73,1.1,2,16,2,1,8,4,1.6,71.2,10.4,21.8,48.5,5.6,86.7,0.303541667,0.622522723,0.722557075,0.771743074,0.739129237,0.731974799,0.654175435,0.487139695,0.537760271,0.568486718,35532,587,743.0047619,4.597696007,0,39,1,11,8,0,43.9,1,23.5,8.4,0,2.583241844,0,1.201719234,2.026229623,0,0.381307339,0.000430046,0.009819381,0.001075115,52478,3724,5079.074705,7.016247694,1228,758,1663.291322,1056.116,6.08515503,5.32081979,0.355266874,0.281041137,1.11
576CO,576,ValveHouse,23.02.19,Reference,C,O,1060,791.21,8.77,414.34,2,3,3.33,0,0,0,0,4,4,2,1,80,5,1.5,1.7,17,12.75,2,4,65.30405405,42.5,40.38461538,10,0,0,0,10,20,0,0,3.1,10,20,0.63,0.41,0.44,2.11,0.136116737,15.50140004,12.52745462,6.3,35.9,31.22726095,4.359494916,5.698209657,4.456697175,1.860189911,4.043848826,0.497108605,0.813441039,0.325980996,205,62,39,1,38,19,1.9,1,10,4,2,16,8,13,82.7,24.3,24.6,68.7,14.6,142.8,0.250520833,0.441316788,0.489139744,0.492653049,0.534394328,0.477757067,0.474132293,0.464970932,0.412800391,0.478747229,28305,523,642.2654321,4.48333314,3,27,1,18,9,4,30.125,1,24.125,11,0.409458619,2.150492515,0,2.34858322,0.481168776,0.001361812,0.213302752,0.000286697,0.00516055,0.027236239,32421,3692,4794.530667,7.093401916,1220,745,1560.841564,953.2677165,6.193008451,5.265575525,0.359926574,0.286595124,1.19
576CT,576,ValveHouse,23.02.19,Reference,C,T,1060,791.21,8.77,414.34,2,2,6.66,0,0,0,0,4,4,2,1,92,5,1.5,2,48,15,2,3,73.17567568,53.75,46.15384615,8,0,0,0,0,0,40,0,0,0,40,0.82,0.62,0.66,3.07,0.178344436,17.21388157,20.86037774,6.24,64.1,28.03500493,3.108182541,7.179797077,3.679507863,1.404765603,2.672372284,0.563864667,0.782084315,0.21568665,419,98,71,2,97,86,1.9,4,25,6,4,24,16,14.5,72.6,15,56,117.8,10.8,194,0.249270833,0.665778015,0.792376385,0.865825583,0.772838408,0.853694863,0.813344806,0.730861612,0.639969931,0.706222668,31077,525,628.1954023,4.384786201,2,42,3,12,11,2,52.125,3,16,11.5,0.376770161,2.221546269,0.983273944,1.822197356,0.848484969,0.000573394,0.343821674,0.001146789,0.005447248,0.036768922,42562,3126,4054.164297,6.788167899,1119,621,1406.117512,800.1695652,5.923110978,5.338141435,0.418431705,0.219523675,3.79
576DO,576,ValveHouse,23.02.19,Reference,D,O,1060,791.21,8.77,414.34,3,3,3.33,0,0,0,0,4,3,3,2,75,4,1,1.7,22,6.8,2,4,58.5472973,34.53629032,30.25641026,10,5,0,3,12,7,0,0,2.4,15,7,0.88,0.55,0.69,2.84,0.155903604,18.21638447,9.60289067,6.47,20.1,17.83864044,2.529303202,3.893042471,2.639290914,1.012882479,1.233006659,0.315403354,0.536820335,0.160854718,217,70,18,0,45,19,0.26,1,15,0,0,0,0,9.8,86.2,14.9,25.1,78.5,11.5,101.6,0.250520833,0.626478029,0.733304545,0.826530644,0.752776238,0.715343794,0.627353361,0.653428865,0.528383338,0.732561527,25996,488,569.7802198,4.082712766,1,32,1,8,11,1,40.1,1,14,14,0,1.823458628,0,1.460775811,1.094257736,0.000430046,0.255017202,0.000143349,0.00365539,0.021932339,27800,3388,4138.243968,6.923987085,1110,647,1343.061404,782.9384615,5.925398935,5.333012015,0.387602372,0.235997364,1.2
576DT,576,ValveHouse,23.02.19,Reference,D,T,1060,791.21,8.77,414.34,2,2,6.66,0,0,0,0,4,4,3,2,75,4,1.5,2,33,12,2,3,69.7972973,49.71774194,41.02564103,15,0,0,0,10,0,70,0,0,10,70,0.73,0.47,0.61,2.54,0.134420701,18.89589905,19.98048199,5.38,40.5,22.3344543,2.598444105,4.411814227,3.548443937,1.008830594,3.278976981,0.301673585,0.31102173,0.372568113,583,283,126,3,92,33,1.5,3,24,0,0,0,0,16.5,134.3,31.2,71.7,135.3,10.9,39.2,0.249270833,0.615892668,0.68033669,0.722009341,0.712112762,0.732868913,0.729558732,0.674434858,0.520453832,0.606132094,35780,585,784.5266667,4.600211215,0,30,2,15,9,0,36,2,17.08333333,13.5,0,1.857726606,0.585952618,2.234616764,1.22214042,0,0.134604358,0.000788417,0.003440367,0.009317661,47530,2779,3747.345216,6.466039754,915,589,1239.048193,768.0817308,5.489436973,4.944775281,0.359644168,0.268474066,2.09
577AO,577,ValveHouse,23.02.19,Reference,A,O,1020,690.27,9.32,416.80,2,2,6.66,3,3,2,2,4,4,4,2,70,4,1.5,1.7,40,10.2,3,3,68.89423077,50.1119403,37.6744186,28,0,0,0,0,25,0,0,3.8,0,25,1.6,0.74,1.59,5.12,0.22837978,22.41879727,41.88910581,5.74,44.7,54.43079305,7.722291187,13.13495171,7.264073924,3.355092793,4.742156769,1.355044645,1.642279614,0.190738496,593,140,36,4,50,103,14.1,4,172,5,1,20,4,25.4,270.8,26.2,112.1,375.4,32.5,187.3,0.421041667,0.57986598,0.755488215,0.778677427,0.602400064,0.79826025,0.922188627,1.209538689,0.473776767,0.834242346,35579,443,562.7066667,3.682699002,3,28,0,13,5,5,29.6,0,25.5,5,1.039720771,1.783695116,0,1.890688363,1.215912762,0.000286697,0.332067087,0,0.005662271,0.00415711,33644,3360,4225.238764,6.817211518,1025,793,1285.859524,1022.146853,6.041515156,5.162263752,0.294361292,0.319966111,5.06
577AT,577,ValveHouse,23.02.19,Reference,A,T,1020,690.27,9.32,416.80,3,2,6.66,3,3,5,2,4,4,3,1,68,4,1.5,1.7,60,10.2,3,2,68.89423077,50.1119403,37.6744186,25,0,0,0,2,0,15,0,0,2,15,0.83,0.46,0.48,2.34,0.159658725,14.65626137,18.89743446,6.2,51.9,32.60205804,3.911013886,8.837272862,4.088022899,2.027786894,2.215409117,0.742134545,1.075005341,0.145392061,547,171,37,3,144,51,4.3,3,41,1,1,4,4,10.2,114.8,42.5,32.8,176.3,10.2,137.6,0.347916667,0.750294331,0.939733957,0.888408074,0.83188497,0.973019058,1.136594547,0.860849657,0.447937373,0.924253389,22177,527,610.8795181,4.211701697,7,27,1,9,6,15,28.5,1,9.125,7,1.820075975,1.734850153,0,1.95166984,0.923466291,0.000860092,0.226777523,0.001361812,0.002795298,0.00415711,29975,3221,4008.851014,6.762160547,996,778,1178.226601,956.3707483,6.101649145,5.065696621,0.287395274,0.333239198,3.28
577BO,577,ValveHouse,23.02.19,Reference,B,O,1020,690.27,9.32,416.80,2,2,6.66,0,0,0,0,4,4,3,1,85,5,1.5,1.7,47,12.75,3,3,73.17567568,51.22983871,40.38461538,15,25,0,0,0,0,0,0,1.9,0,0,1.01,0.62,0.78,3.33,0.20894223,15.93741961,54.34113911,6.36,75.3,38.83225553,4.110831261,10.00814044,5.428176552,1.780037694,4.126844488,1.095787938,0.880660701,0.239248059,479,176,80,9,65,66,4.5,4,60,3,2,12,8,5.6,115.4,11.1,41.3,119.7,2,279.1,0.421041667,0.642217427,0.969606733,0.947996094,0.660087278,1.003803127,0.834141554,1.291718481,0.450413396,0.872832487,114065,139,163.0833333,3.204929991,0,17,0,4,0,0,18,0,4,0,0,1.742986549,0,0.813062002,0,0,0.596545298,0,0.005375573,0,88789,751,866.6,5.396094845,300,151,362.015625,183.1428571,4.715668498,3.660670799,0.368822367,0.225548339,5.42
577BT,577,ValveHouse,23.02.19,Reference,B,T,1020,690.27,9.32,416.80,3,2,6.66,0,0,0,0,4,4,3,2,70,4,1.5,2,45,12,3,3,69.7972973,53.75,43.58974359,23,7,0,0,0,0,65,0,0,0,65,1.11,0.76,0.84,3.64,0.222206684,16.38114543,53.95080113,6.33,76.7,30.00261663,3.649777501,8.44621418,3.95137887,1.576550185,2.052004414,0.589733267,0.763892481,0.143403208,465,222,56,1,92,43,26,3,315,0,0,0,0,21.3,65.3,8.1,66.2,161,10.4,211.1,0.347916667,0.933094926,0.860681876,1.048909342,0.768685285,1.05464318,1.042437235,1.044403888,0.573495517,0.586728537,21925,528,654.2283951,4.311673233,2,26,1,12,7,2,28.25,1,12,7,0.693147181,1.802583002,0,2.305161286,0.680934334,0.000286697,0.374928326,0.000286697,0.005017202,0.019352064,40448,2843,3746.375233,6.41793768,987,608,1297.579882,822.0190476,5.87355522,4.390272652,0.333474536,0.294408359,5.3
577CO,577,ValveHouse,23.02.19,Reference,C,O,1020,690.27,9.32,416.80,2,2,6.66,3,3,3,2,4,4,4,2,67,4,1.5,1.7,25,10.2,3,4,68.89423077,50.1119403,37.6744186,30,0,0,0,0,15,30,0,1.3,0,45,0.74,0.63,0.45,2.45,0.160959129,15.2212553,22.53844087,5.7,39.7,30.52598597,2.897581062,6.237262954,4.356620377,0.400522085,5.770571518,0.738793889,0.570083836,0.507551754,480,134,57,5,70,37,1.5,4,24,4,2,16,8,22.3,201.8,35.9,46.9,167,39.6,136.5,0.250625,0.832286446,1.069731878,1.120600046,0.703010307,1.022767878,0.993762149,0.961109143,0.482441289,1.294194146,30708,517,634.30625,4.185259176,0,23,1,18,6,0,26.125,1,38.25,10.5,0,1.578123553,0,2.352684376,1.275588756,0,0.223337156,7.16743E-05,0.004873853,0.001648509,32253,2933,3637.634707,6.60277948,922,622,1136.510638,753.6346154,5.708640723,4.974816635,0.342558599,0.269180081,2.24
577CT,577,ValveHouse,23.02.19,Reference,C,T,1020,690.27,9.32,416.80,3,2,6.66,0,0,0,0,4,4,3,2,78,5,1.5,2,48,15,3,6,73.17567568,59.7983871,51.28205128,22,0,0,0,0,25,50,0,0,0,75,1.91,1.93,1.07,6.43,0.399171209,16.10837618,51.15180808,N/A,N/A,31.81393606,2.951385881,7.814407196,4.323606517,1.111331236,4.646267841,0.251048191,0.644492917,0.353942409,549,263,74,3,128,57,10.7,3,176,1,1,4,4,18.1,202.4,52.2,37.4,103.7,14.3,346.7,0.273958333,1.054002881,1.146562305,1.413382948,0.987134406,1.179012286,1.02295342,1.087885586,0.456944118,1.277151785,21560,600,723.5208333,4.538792068,0,26,2,16,4,0,44,2,18.66666667,4,0,1.765010935,0.491327448,0.559654898,1.183138762,0,0.298021789,0.002221904,0.058127867,0.001720183,40660,2676,3497.853659,6.318888311,965,511,1251.618132,642.5518868,5.37268597,4.936396858,0.435893815,0.188600207,4.12
577DO,577,ValveHouse,23.02.19,Reference,D,O,1020,690.27,9.32,416.80,2,2,6.66,2,3,8,2,4,4,3,2,70,4,1.5,1.7,30,10.2,3,3,66.49038462,50.1119403,37.6744186,17,0,0,0,5,20,5,0,2.4,5,25,0.97,0.57,0.74,2.94,0.160984808,18.26259283,19.71414694,5.47,64.3,38.9154367,4.614940113,8.868623376,6.338016945,1.886838902,4.659447445,0.356237597,0.628311205,0.275128764,408,98,48,4,58,46,3.2,3,58,0,0,0,0,14.1,198,36,96.1,199.4,10.7,49.2,0.250625,1.011120128,1.162100488,1.325975092,0.689822663,1.179638174,0.819824623,0.818080929,0.426672968,1.291455363,27804,426,539.0588235,3.881376211,0,30,1,12,5,0,32.66666667,1,20.16666667,5,0,1.89559976,0,2.263529873,0.64382082,0,0.344036697,0.000286697,0.001576835,0.02293578,53528,2763,3761.557886,5.965472258,908,565,1179.962312,717.3305785,5.39547067,4.298759192,0.292902193,0.326367316,3.42
577DT,577,ValveHouse,23.02.19,Reference,D,T,1020,690.27,9.32,416.80,3,2,6.66,0,0,0,0,4,4,3,2,72,4,1.5,2,42,12,3,3,69.7972973,53.75,43.58974359,23,0,0,0,5,0,35,0,0,5,35,1.43,0.68,1.12,4.18,0.250898044,16.66015382,54.57671931,6.96,62.6,44.24458284,5.335842447,10.87042294,5.708463919,2.942962251,3.774646776,0.451329427,1.54720486,0.191287505,608,266,42,0.1,113,47,1.6,3,27,4,3,16,12,13.7,93.4,7.7,32.3,107,4.1,183.2,0.273958333,1.074208516,1.125398987,1.471843017,0.828436724,1.053393289,1.059473376,1.066329401,0.547378817,0.633020163,29910,641,753.2807018,4.577910101,13,34,3,12,4,14.125,34.5,3,16,4.5,2.222528865,1.973230732,1.005466829,1.097916661,0.66585323,0.003798739,0.177752294,0.001720183,0.01046445,0.00265195,37839,3249,4158.086795,6.82357291,1144,680,1478.444712,848.7043796,6.079966251,4.961569148,0.368304622,0.269321284,3.7
578AO,578,IslandBend,25.02.19,Reference,A,O,1060,960.45,8.55,420.17,3,4,1,0,0,0,0,3,4,2,1,70,4,1,1.7,32,6.8,2,1,54.05405405,27.82258065,27.69230769,5,5,0,2,23,5,65,0,1.9,25,70,1.47,1.42,0.77,4.28,0.269428817,15.88545742,47.56947066,5.57,126.4,16.37016383,1.113610842,2.69655329,2.480247582,0.552266131,4.124619281,0.440415085,0.193815435,0.844470719,584,189,105,0.36,121,66,1.6,2,11,3,2,12,8,4.2,46.9,18,18.8,53.1,3.1,113.1,0.495833333,0.578405714,0.922885735,0.788197878,0.654417538,0.88000121,1.148885854,1.560735092,0.624517521,0.87713505,33030,572,746.1935484,3.763769129,3,35,1,13,14,6,41.125,1,13.4,15.6,1.098612289,2.031342976,0,2.289683003,2.545864158,0.000215023,0.116112385,0.000645069,0.003512041,0.002150229,39470,2900,3656.650246,6.621341635,1152,460,1444.446502,582.5057471,5.663134538,5.162043054,0.497693684,0.151228467,5.16
578AT,578,IslandBend,25.02.19,Reference,A,T,1060,960.45,8.55,420.17,2,2,6.66,0,0,0,0,4,4,3,2,55,4,1.5,1.3,60,7.8,2,2,69.7972973,41.25,30.25641026,40,0,0,5,0,0,35,0,0,5,35,1.36,0.63,0.65,3.21,0.168212428,19.08301334,37.78785821,6.04,148.4,22.68698979,2.885536417,5.237009295,2.962144151,1.395960953,2.348880543,0.543902718,0.422567082,0.240233138,583,105,89,12,152,99,0.4,2,13,6,2,24,8,15.7,134.2,20,110.7,192.4,9.1,151.2,0.369166667,0.745186128,1.051146815,1.241285447,1.033301824,1.317126206,1.475395708,1.185103521,0.597792467,0.853790687,35767,758,965.4795082,4.906785512,4,65,2,21,10,6,81,2,31.66666667,12.25,1.277034259,2.836239107,0.636514168,2.327764668,2.035790096,0.00050172,0.333357225,0.000430046,0.007454128,0.002508601,40293,3218,4177.173217,6.758387756,1205,580,1538.969758,768.8403361,5.980459292,4.695883815,0.416925539,0.205779912,3.25
578BO,578,IslandBend,25.02.19,Reference,B,O,1060,960.45,8.55,420.17,3,2,6.66,2,1,2,2,4,4,5,2,28,3,1,1.3,35,3.9,2,4,59.27884615,34.62686567,25.34883721,65,0,0,0,5,5,1,0,2.8,5,6,1.42,0.6,1.09,3.82,0.198757324,19.21941751,20.98275871,7,53,21.84993062,2.023659963,5.246577393,2.650422627,0.489102047,2.316577492,0.75385829,0.661761772,0.260449149,368,104,26,12,80,73,1.5,3,39,4,1,16,4,21.9,145.5,21.5,86.2,131.9,12.9,315.1,0.495833333,0.675594585,1.187440604,0.993346289,0.821484584,1.396340301,1.524705339,1.89456509,0.602389465,0.877299835,26935,676,852.2578947,4.626148727,12,36,0,16,11,16,39.6,0,17.5,19,2.298290647,2.28098769,0,2.481195347,1.39873433,0.002436927,0.064435206,0,0.004515482,0.007884174,40799,3797,5047.17016,7.037087449,1290,728,1672.852612,928.8652482,5.981971188,5.488043047,0.390379366,0.219900217,3.87
578BT,578,IslandBend,25.02.19,Reference,B,T,1060,960.45,8.55,420.17,4,3,3.33,0,0,0,0,3,4,5,3,15,2,1,1.3,35,2.6,2,3,51.79054054,30.10080645,24.61538462,70,5,0,0,15,7,20,0,0,15,27,1.29,0.82,0.74,3.54,0.200576365,17.64913826,40.52564416,6.43,80,22.98939102,2.439688336,4.407386618,3.334445409,1.288322863,3.910564001,0.11488007,0.582183771,0.443148296,604,158,51,24,127,82,1.7,3,21,2,2,8,8,11.4,107.8,8.6,73.7,130.3,13.4,401.7,0.369166667,0.721119677,0.746175431,0.925613297,0.804383774,0.998424032,0.961523152,1.455296043,0.633659541,0.735237309,27088,632,737.372807,4.640695938,5,51,1,19,11,5.25,66.125,1,27,12.125,1.517106397,2.405716638,0,2.140145527,1.889847848,0.000860092,0.24268922,0.002221904,0.007525803,0.004013761,40716,3457,4488.917361,6.981845631,1278,591,1630.532129,720.6,6.025967808,5.443331805,0.446201638,0.181304716,2.67
578CO,578,IslandBend,25.02.19,Reference,C,O,1060,960.45,8.55,420.17,3,2,6.66,0,0,0,0,3,3,1,1,62,4,1,2,17,8,2,1,63.04054054,41.65322581,30.76923077,3,0,0,0,35,10,0,0,2.2,35,10,2.03,1.14,1.31,5.3,0.25478979,20.80146144,25.13842036,5.71,48.8,31.98076668,4.731949766,7.187186835,4.608689868,1.992683377,2.714943147,0.346020513,0.627904511,0.190347899,465,118,34,0.3,93,71,2.9,2,40,5,3,20,12,19.2,118.7,22.1,43.5,292.7,12.1,76.9,0.483611111,0.436598083,0.420774261,0.393992759,0.50449408,0.545132509,0.466536186,0.451524206,0.388979909,0.523550732,15445,496,579.25,4.299357622,2,32,1,11,5,2,44.5,1,17,7,0.450561209,2.059883623,0,2.120070614,0.95052291,0.000430046,0.343176606,0.000573394,0.004013761,0.001791858,55158,2765,3739.991713,6.292696508,951,557,1274.211538,711.1666667,5.529026902,4.289146373,0.350560105,0.29276099,3.8
578CT,578,IslandBend,25.02.19,Reference,C,T,1060,960.45,8.55,420.17,4,2,6.66,0,0,0,0,3,4,2,2,90,5,1.5,1.7,30,12.75,2,3,69.7972973,55.26209677,48.07692308,5,10,0,0,15,15,15,0,0,15,30,3.2,1.71,2.18,8.18,0.32790968,24.94589363,320.7106309,6.27,59.4,58.51782006,8.239556765,13.74815991,7.856721601,4.162433347,4.489201336,0.6436762,1.646865499,0.166430881,483,153,71,0,102,71,2,2,30,5,3,20,12,25.5,267,36.7,30.8,202.8,22.1,181.5,N/A,N/A,N/A,N/A,N/A,N/A,N/A,N/A,N/A,N/A,26786,646,860.5154639,4.463187467,7,42,2,16,16,7.25,70.16666667,2.5,34,24,1.680803312,1.747331205,0.636514168,1.786059331,1.933913487,0.002150229,0.343534977,0.000215023,0.006952408,0.018922018,39363,3696,5017.640027,7.017236198,1284,766,1776.362661,980.5957447,6.075588632,5.58603886,0.390002824,0.229266685,6.18
578DO,578,IslandBend,25.02.19,Reference,D,O,1060,960.45,8.55,420.17,3,2,6.66,0,0,0,0,4,4,2,2,85,5,1.5,1.3,32,9.75,2,3,73.17567568,47.19758065,37.82051282,7,0,0,0,8,0,40,1,3.1,8,41,1.43,0.91,0.92,4.06,0.223857481,18.1365393,38.96122263,6.03,57.8,31.83402247,3.972474663,7.117199252,4.342375892,1.71783219,4.120393406,0.287014281,0.859728519,0.30435042,823,426,71,1,175,79,3.5,4,62,1,1,4,4,14.9,152.9,47.7,44.7,66.9,11.3,217.6,0.483611111,0.460175412,0.571211018,0.394367186,0.672140621,0.688710266,0.682076095,0.54850794,0.436235126,0.622066547,31939,659,840.5,4.067888104,6,43,3,11,11,8.25,48.33333333,3,15.5,15,1.695742534,1.282890977,0.881532261,2.163929051,1.680762798,0.000716743,0.199039564,0.001146789,0.00315367,0.00415711,51532,3992,5704.343199,7.06831616,1363,790,1928.429412,1106.118421,6.19296018,5.435653585,0.377718159,0.234585334,2.58
578DT,578,IslandBend,25.02.19,Reference,D,T,1060,960.45,8.55,420.17,3,2,6.66,0,0,0,0,4,4,2,1,85,5,1.5,2,120,15,2,1,73.17567568,55.76612903,48.71794872,10,5,0,0,0,2,65,0,0,0,67,3.51,2.6,2.77,11.02,0.545083207,20.21709688,34.03069594,7.36,156.3,39.00938387,4.486824833,9.885350955,5.328388136,2.414342402,3.13362051,0.426344298,1.709887798,0.177262281,1479,685,71,2,324,162,2.2,9,33,9,1,36,4,32.6,193.9,9.2,72.6,108.8,12,452.6,0.483611111,0.41895766,0.458857901,0.388060159,0.689988083,0.614375666,0.444595916,0.457081676,0.430889114,0.492434411,29968,836,1112.676,5.176144312,8,62,1,12,17,9,76.72727273,1,12.66666667,32,1.759976508,2.625463365,0,2.096350979,1.949455808,0.003798739,0.135822821,0.000143349,0.005017202,0.015266628,32614,3363,4219.9941,7.0687463,1156,641,1437.329439,790.2537313,6.128482497,5.293622348,0.398098466,0.220417961,9.08
596AO,596,TumutPonds,21.02.19,Reference,A,O,1195,1340.41,8.30,437.04,3,2,6.66,0,0,0,0,3,3,2,1,75,4,1.5,1.7,48,10.2,3,3,63.04054054,48.10483871,36.41025641,10,0,0,0,15,0,15,0,4.5,15,15,3.42,2.52,2.68,10.61,0.437876245,24.23059056,105.9922033,5.49,57.7,24.83973363,3.285254507,6.840529677,3.155448916,1.52294083,0.80578606,0.436397071,0.721756074,0.065869643,564,52,95,2,68,26,1.08,1,5,2,2,8,8,43.4,274.4,62.9,76.8,302.3,45.4,74.5,0.479583333,0.443427661,0.467737802,0.432928594,0.487713042,0.527701739,0.506962886,0.431183726,0.44511195,0.447841612,25702,645,781.7107843,4.615587862,10,28,2,18,11,12.66666667,68.5,2,28,11.16666667,2.134356683,1.28800293,0.692346967,1.655200646,1.937180114,0.001576835,0.199397936,0.001791858,0.017201835,0.006379014,36054,3469,4408.842213,7.045110617,1063,696,1318.633803,873.3114754,6.042350333,5.670676815,0.353431234,0.235573755,14.56
596AT,596,TumutPonds,21.02.19,Reference,A,T,1195,1340.41,8.30,437.04,3,2,6.66,0,0,0,0,4,4,5,3,20,2,1.5,1.7,62,5.1,3,3,63.04054054,41.85483871,28.46153846,80,0,0,0,0,25,0,0,0,0,25,2.67,1.51,1.93,7.25,0.34444939,21.04808489,57.68902403,5.68,35.9,47.38648342,6.160485573,13.643231,6.579853154,2.710500358,2.498296547,0.585102606,1.059680675,0.104857741,204,118,11,2,41,16.4,0.28,2,5,3,2,12,8,43.8,449.1,116.7,199.4,398.7,46.7,149.8,0.366875,0.526445157,0.554955013,0.53250229,0.62276635,0.622533322,0.635627391,0.63950756,0.538802555,0.546998797,29739,550,664.8820225,4.140500853,6,24,4,10,7,8,24.07142857,4.5,12,8,1.673118363,1.076959722,0.564320521,1.997182203,1.231312125,0.00100344,0.331637041,0.002938647,0.003368693,0.005590596,42192,3140,4182.561526,6.631311603,898,781,1167.881081,1008.07,5.478623854,5.368268824,0.292525652,0.303021745,11.21
596BO,596,TumutPonds,21.02.19,Reference,B,O,1195,1340.41,8.30,437.04,2,2,6.66,0,0,0,0,4,4,4,2,65,4,1.5,1.7,41,10.2,3,4,69.7972973,48.10483871,36.41025641,35,0,0,0,0,30,0,0,2.5,0,30,2.89,1.96,1.78,8.05,0.464168924,17.3428241,73.64970526,5.68,110.3,46.37213426,5.351566527,13.60982217,6.048488704,2.507947645,2.609795676,0.444022867,1.430308764,0.113045818,504,80,106,5,73,28,1,3,8,2,1,8,4,27.9,134.4,32.3,67.5,157.2,20.4,190.5,0.479583333,0.423243457,0.530019424,0.536602134,0.569094796,0.552670895,0.557839618,0.523936252,0.371462505,0.520709972,19954,650,800.8761905,4.430402813,1,31,3,14,14,1,35.9,3,15.125,18.5,0,1.605193839,0.927028082,2.154622538,1.27345218,0.000143349,0.151949541,0.002938647,0.006235665,0.037629014,46772,3799,5188.85,7.077757504,1264,805,1649.442,1066.003125,6.174110362,5.700642663,0.385531394,0.229549092,14.92
596BT,596,TumutPonds,21.02.19,Reference,B,T,1195,1340.41,8.30,437.04,4,2,6.66,0,0,0,0,4,4,3,2,65,4,1.5,1.7,32,10.2,3,6,69.7972973,52.13709677,41.53846154,25,0,0,0,10,70,15,0,0,10,85,2.37,1.37,1.79,6.77,0.349020909,19.39711868,32.7645994,5.54,68.6,61.66206261,8.533455821,18.16016027,7.583183756,3.899268347,2.366843855,1.076327308,2.053706952,0.07275652,181,56,69,3,33,11.7,0.73,4,33,6,2,24,8,13.8,140.3,10,104.3,140.4,12.3,231.3,0.366875,0.583592626,0.615367774,0.565564569,0.690037627,0.655888597,0.641706201,0.590463052,0.457783412,0.528665719,22499,803,913.8907285,5.132325312,8,41,4,16,16,10,46.78571429,4.5,20.16666667,16.05,1.914287515,2.016395811,0.481199294,2.419633928,1.385598367,0.001863532,0.246559633,0.00365539,0.004372133,0.009532683,60589,3999,5494.966747,7.160457723,1116,984,1502.285714,1294.013812,6.006338652,5.808879607,0.297608962,0.316059494,16.43
596CO,596,TumutPonds,21.02.19,Reference,C,O,1195,1340.41,8.30,437.04,3,2,6.66,0,0,0,0,4,4,2,1,80,5,1,1.7,30,8.5,3,5,73.17567568,44.67741935,32.05128205,10,0,0,0,10,15,0,0,5,10,15,2.16,0.99,1.44,5.25,0.285387071,18.39606815,16.0401022,5.87,38.7,30.61801952,4.697172459,8.047085358,3.706963586,2.238601141,0.824604057,0.519257237,1.027432654,0.054611452,488,67,82,1,28,14,0.58,3,5,0,0,0,0,59.7,273,54.6,99.3,227.9,48.3,211.2,0.365416667,0.564204489,0.655399907,0.628077621,0.679283329,0.676086346,0.651508954,0.631132404,0.53902401,0.723522293,31229,736,898,4.750226627,11,36,1,18,9,14,50.0625,1,26.16666667,10,1.915488027,0.343650982,0,1.662995576,1.419101531,0.004802179,0.194882454,0.000143349,0.013833142,0.008099197,43488,3714,4819.471613,7.132173066,1006,871,1345.610825,1064.875723,6.046419953,5.652922095,0.270639179,0.319636637,11.55
596CT,596,TumutPonds,21.02.19,Reference,C,T,1195,1340.41,8.30,437.04,4,2,6.66,4,4,10,2,4,4,4,2,55,4,1.5,1.7,45,10.2,3,5,73.70192308,55.70895522,42.3255814,30,0,0,0,5,0,15,0,0,5,15,3.13,2.06,2.04,8.38,0.440511968,19.02331972,33.71547025,5.58,66.5,45.81753424,5.574103132,14.48121502,5.756734247,2.43838698,1.791803915,0.29102064,1.476588041,0.074574236,360,38,76,2,16,3.5,0.1,2,7,2,1,8,4,47,305,84.8,102.4,296.2,48.5,265.3,0.373333333,0.658357181,0.826255261,0.838105543,0.925940787,0.945159436,0.904471546,0.86054143,0.655581474,0.653856222,31160,901,1171.032609,5.127934852,8,46,2,25,15,8.666666667,78,2,49.5,21,1.956011503,1.256094328,0.693147181,2.576733521,2.056196287,0.001433486,0.169581422,0.000573394,0.020212156,0.005805619,43766,3797,5158.182487,7.05887474,1143,829,1559.16,1078.681529,6.03930927,5.737042554,0.325002353,0.259107597,19.21
596DO,596,TumutPonds,21.02.19,Reference,D,O,1195,1340.41,8.30,437.04,3,2,6.66,0,0,0,0,4,4,5,2,20,2,1.5,1.7,37,5.1,3,0,63.04054054,39.83870968,25.8974359,80,0,0,0,0,5,0,0,3,0,5,3.18,2.59,2.02,9.24,0.464068527,19.91085254,32.44792361,5.71,31.8,44.21818546,5.27915105,13.72187738,5.642551992,2.278825903,1.346434235,0.803795815,1.245973728,0.059244761,321,38,100,1,73.5,47,1.2,4,35,2,2,8,8,41.1,318,85.2,135,350.6,50.8,329.3,0.365416667,0.591212818,0.774127326,0.790025035,0.923435105,0.960678847,0.92150196,0.849782002,0.558298482,0.829474289,31964,772,984.6101695,4.877891178,7,52,5,16,7,15,58.72222222,11,17.125,7,1.624222588,2.467551799,0.908908735,2.368098936,1.803220173,0.001218463,0.255877294,0.001146789,0.006379014,0.003081995,46746,3370,4550.746706,6.758309185,1018,800,1421.627119,1048.101266,5.679357952,5.503947154,0.346888826,0.268662336,16.37
596DT,596,TumutPonds,21.02.19,Reference,D,T,1195,1340.41,8.30,437.04,2,2,6.66,0,0,0,0,4,4,3,1,80,5,1.5,1.7,42,12.75,3,4,73.17567568,51.22983871,40.38461538,20,0,0,0,0,35,40,0,0,0,75,3.76,2.63,2.76,10.94,0.484229941,22.59257239,83.91512855,5.63,91.6,67.5051433,9.272948551,19.9370701,8.147707703,4.084676704,2.014322609,1.623488509,2.417485353,0.057675063,489,97,106,16,77,48,0.37,1,5,17,6,68,24,39,316.2,77.2,225,391.3,91.1,162.3,0.373333333,0.599285799,0.735885389,0.742221865,0.796086643,0.830446219,0.784281868,0.730536108,0.601140764,0.597793987,32492,719,919.0050505,4.743420846,11,40,3,15,13,13,76,5,27.5,19.25,2.146028004,2.178495447,1.039720771,2.190351145,2.201982472,0.002006881,0.143205275,0.000286697,0.004802179,0.003512041,37225,3628,4672.167331,7.063904641,1010,880,1267.6025,1114.860248,6.042729413,5.676201822,0.294831968,0.300997835,20.12
597AO,597,TumutPonds,22.02.19,Reference,A,O,1205,1273.73,8.59,437.67,2,2,6.66,0,0,0,0,4,4,1,1,85,5,1.5,1.7,42,12.75,3,0,73.17567568,51.22983871,40.38461538,0,0,0,0,15,40,25,0,1.5,15,65,3.85,2.35,3.26,11.25,0.399274918,28.17607494,44.94953422,5.09,34.2,45.59511982,5.435559253,14.63658791,5.905251636,2.499434095,1.756385617,0.697124902,1.065832741,0.072491475,477,62,91,0,63,29,4.1,4,23,0,0,0,0,27.6,275.1,80.2,200.8,421.4,43.4,89.3,0.417708333,0.624531408,0.684991611,0.626252726,0.585311046,0.680052684,0.734674844,0.644217951,0.463821646,0.67820952,27560,553,663.7209302,4.625061024,8,37,1,10,5,8.666666667,55,1,14.5,6,1.883954444,2.20334879,0,1.579197283,1.274005722,0.001505161,0.286983945,0.005948968,0.007955849,0.002365252,31065,2463,2921.681992,6.466732268,649,548,775.3266129,623.8518519,5.06887503,5.365503822,0.326131978,0.270168502,19.68
597AT,597,TumutPonds,22.02.19,Reference,A,T,1205,1273.73,8.59,437.67,2,2,6.66,0,0,0,0,4,3,1,1,85,5,1.5,1.7,38,12.75,3,0,69.7972973,51.22983871,40.38461538,0,0,0,0,15,25,30,0,0,15,55,3.96,2.59,3.5,11.92,0.398349992,29.92343478,44.99008185,4.88,29.7,55.49277934,6.405671757,16.80802929,8.064128951,2.976749617,2.525900619,0.32539578,0.816218743,0.090253519,414,103,157,0,32,12,0.4,1,3,4,2,16,8,68.1,1326.6,196.8,224.8,640,65.8,111,0.416875,0.670180012,0.789992067,0.816274644,0.809869064,0.923815116,0.904923847,0.835354359,0.674612966,0.661020207,26425,619,752.1320755,4.696114448,1,48,1,14,14,1,52.5,1,18,18,0,2.079090575,0,1.842072779,2.238741898,7.16743E-05,0.274727638,0.003512041,0.008744266,0.005518922,47162,2366,3182.83952,6.167011975,663,503,915.0655738,677.6493506,4.744691293,5.057548453,0.359267627,0.253224136,21.43
597BO,597,TumutPonds,22.02.19,Reference,B,O,1205,1273.73,8.59,437.67,3,2,6.66,0,0,0,0,4,4,2,1,98,5,1.5,1.7,41,12.75,3,1,73.17567568,53.24596774,42.94871795,2,10,0,0,0,15,30,0,1.3,0,45,4.04,2.48,3.48,11.85,0.410846142,28.84291415,56.05136103,4.9,32,42.54988984,4.798880597,12.25707337,6.04773216,2.412276401,2.628755954,0.679748668,0.848647914,0.127357785,588,245,100,1,62,35,4.3,8,72,0,0,0,0,49.6,477.4,178.6,290,648.5,72.5,81.4,0.417708333,0.682350576,0.797186821,0.724176688,0.776968885,0.870627847,0.864311615,0.794310071,0.453520429,0.772983146,34827,618,751.7409639,4.976436108,18,22,2,12,12,18.4,38,2,24.5,12.25,2.352835185,1.831442364,0.3310614,1.372153141,1.484768139,0.007597477,0.090381307,0.01046445,0.01247133,0.039707569,40474,374,409.5789474,4.912167208,159,88,180.4411765,98.08333333,4.117456244,3.49284637,0.361997552,0.234773604,19.29
597BT,597,TumutPonds,22.02.19,Reference,B,T,1205,1273.73,8.59,437.67,4,2,6.66,0,0,0,0,4,4,2,1,85,5,1.5,1.7,57,12.75,3,2,73.17567568,55.26209677,45.51282051,5,20,0,0,10,55,20,0,0,10,75,3.84,2.07,3.5,10.94,0.382864776,28.57405716,56.54766902,4.98,29.8,33.79620687,4.20171296,7.090818512,4.903386421,1.919255747,2.571126045,0.690102652,1.024550724,0.181371478,649,129,84,0.1,94,80,1.4,5,25,2,2,8,8,28.5,374.9,105.9,142.5,725.6,76.9,47.4,0.416875,0.63656887,0.720560869,0.724293543,0.738708927,0.73496215,0.727028444,0.674710147,0.565970237,0.650881068,41358,522,646.8853211,3.838096513,1,55,2,11,7,1,59.54545455,2,17.25,7.25,0,2.230071056,0.562335145,1.829203725,1.592847274,0.000358372,0.35055906,0.000286697,0.004085436,0.002293578,44849,2524,3246.755489,6.377657957,630,622,864.1116071,826.0192308,4.935781709,5.33577137,0.283300386,0.282876777,19.43
597CO,597,TumutPonds,22.02.19,Reference,C,O,1205,1273.73,8.59,437.67,2,2,6.66,0,0,0,0,4,4,1,1,100,7,1.5,1.7,62,17.85,3,0,79.93243243,61.51209677,53.46153846,0,0,0,0,0,80,15,0,2,0,95,4.01,2.62,3.49,12.08,0.420074261,28.75682019,61.96999852,5.03,38.7,59.73026374,8.346149735,14.66265592,8.433500927,3.843963673,2.184727322,1.765317096,1.673762567,0.076975879,1040,216,125,0,124,71,6.7,3,46,5,4,20,16,29.1,378.4,99.1,91.9,417.4,61.9,145.3,0.463125,0.380031262,0.403614645,0.407021635,0.439171497,0.459472454,0.433616619,0.412342361,0.366626823,0.38338663,29113,532,631.5555556,4.553675394,12,30,2,13,8,20,38,2,28,16,2.193912786,1.99998167,0.621086375,1.695711496,1.66005218,0.003368693,0.292789564,0.001146789,0.011037844,0.002150229,45941,3176,4224.628478,6.794654481,759,714,1025.496552,975.2815534,5.377761749,5.619675524,0.260190153,0.290925351,21.49
597CT,597,TumutPonds,22.02.19,Reference,C,T,1205,1273.73,8.59,437.67,3,2,6.66,0,0,0,0,4,4,1,1,85,5,1.5,1.7,50,12.75,3,0,73.17567568,53.24596774,42.94871795,0,0,0,0,15,20,25,0,0,15,45,3.94,2.06,3.46,11.1,0.384940094,28.83565567,85.26208151,4.86,29.1,82.50263348,10.72568275,25.46241164,9.653466639,5.283063786,2.511128326,1.149368285,2.169912898,0.058340877,508,81,84,0,38,72,1.5,3,17,1,1,4,4,37,376.8,96.1,113.2,522.4,81.8,46.2,0.355208333,0.612745781,0.67957859,0.661798273,0.66778613,0.713446964,0.678760471,0.603321299,0.521324916,0.592875804,30597,460,600.2368421,3.956968125,1,42,2,8,6,1,46,2,12.5,6.5,0,2.175621206,0.53164602,1.192948962,1.348441112,7.16743E-05,0.435636468,0.010249427,0.008027523,0.003010321,52155,2620,3447.7751,6.430276868,630,572,801.4453782,744.1956522,5.007761903,5.389162678,0.284712416,0.246728796,20.47
597DO,597,TumutPonds,22.02.19,Reference,D,O,1205,1273.73,8.59,437.67,3,2,6.66,0,0,0,0,4,4,1,1,90,5,1.5,1.7,85,12.75,3,1,73.17567568,53.24596774,42.94871795,0,0,0,0,10,40,15,0,3,10,55,3.92,2.7,3.34,12.05,0.419159416,28.74801219,52.93557071,5.16,29.8,46.07635541,5.722293881,12.93029136,6.107873329,2.41197168,1.675616743,0.899784364,1.431243141,0.072576628,763,145,137,1,120,71,3.2,4,30,3,2,12,8,37.8,433.2,108.3,148,526.4,75.8,145.6,0.463125,0.513919123,0.59877788,0.630499828,0.602601721,0.577412111,0.572673666,0.548134959,0.456490455,0.607398513,29832,561,702.4883721,4.326819682,3,33,1,14,11,5,73.5,1,14.5,19,1.039720771,1.713720787,0,1.757324236,1.118905434,0.000286697,0.290567661,0.010679472,0.015768349,0.006665711,45521,3136,4084.7368,6.755820881,825,657,1115.458599,824.3440367,5.340088774,5.569432961,0.317000847,0.248893909,29.8
597DT,597,TumutPonds,22.02.19,Reference,D,T,1205,1273.73,8.59,437.67,4,2,6.66,0,0,0,0,4,4,2,1,90,5,1.5,1.7,75,12.75,3,2,73.17567568,55.26209677,45.51282051,10,25,0,0,0,25,35,0,0,0,60,3.72,1.83,3.32,10.51,0.376231371,27.93493792,45.32184736,5.29,29.9,64.03723538,6.319415274,23.48698654,7.540546056,2.978208971,2.666303463,0.84470559,1.448524245,0.076138959,484,191,79,0,84,30,2.8,2,20,18,3,72,12,35.7,371.9,117.1,164,531,69.7,40.4,0.355208333,0.462076861,0.546098133,0.578550362,0.569518365,0.616952243,0.5949387,0.579889318,0.479306467,0.428673562,34535,524,640.9470588,4.246522679,2,43,2,13,8,2,53.08333333,2,31,9,0.562335145,1.94091499,0.348832096,1.797894467,0.9037116,0.000286697,0.294079702,0.000645069,0.00731078,0.032898509,53369,2509,3279.60395,6.311167376,666,586,849.9414063,764.1329787,5.158014755,5.242159677,0.257648499,0.298314977,17.15
598AO,598,TumutPonds,22.02.19,Rehab,A,O,1210,1289.80,8.52,437.44,4,2,6.66,0,0,0,0,4,4,5,2,40,3,1,1.7,51,5.1,3,1,66.41891892,41.85483871,28.46153846,10,0,30,50,0,0,0,0,1,50,0,3.6,4.53,1.56,11.83,0.626088288,18.89509872,60.46206309,4.73,25.7,21.49362868,3.279021311,5.301593037,3.180817653,1.592392973,0.566961319,0.372230537,0.575123097,0.054295631,556,7,50,1,9,44,0,0,0,4,2,16,8,32.8,354.5,124.3,206.9,435.1,63,40,0.349166667,0.631825581,0.739909652,0.715312202,0.698885089,0.736330824,0.633465784,0.635607603,0.512170814,0.761286463,24404,435,561,3.795313643,1,18,0,7,7,1,22.16666667,0,15,10,0,1.061234084,0,0.932073887,0.447721888,7.16743E-05,0.337514335,0,0.003010321,0.013188073,51208,2095,2735.167098,6.164161273,579,506,753.8571429,643.195122,4.674434156,5.004835189,0.309752424,0.302786407,32.65
598AT,598,TumutPonds,22.02.19,Rehab,A,T,1210,1289.80,8.52,437.44,4,2,6.66,0,0,0,0,4,4,5,1,25,2,1.5,1.7,37,5.1,3,1,63.04054054,39.83870968,25.8974359,2,0,13,70,0,25,20,0,0,70,45,0.61,0.35,0.22,1.35,0.1625083,8.307267975,45.20109728,5.69,14.59,23.65210657,3.290071566,5.57142017,3.231483555,1.555028658,1.996277871,0.202202719,0.765285437,0.180528101,351,7,49,1,63,30,0,0,0,0,0,0,0,31.5,325.9,95,122.7,173.3,41.4,150,0.324166667,0.666067832,0.853362091,0.902764545,0.88790667,0.908352737,0.736509448,0.692845915,0.578095295,0.74937206,24488,634,761.5172414,4.412993311,0,32,4,17,13,0,35.5,6,23.125,17.16666667,0,1.32850428,1.149059697,2.524480337,1.492474124,0,0.315438647,0.000645069,0.003583716,0.00465883,38244,3632,4723.086867,7.111374947,927,914,1219.892655,1149.621951,5.570934064,5.892610788,0.300197684,0.315259343,5.24
598BO,598,TumutPonds,22.02.19,Rehab,B,O,1210,1289.80,8.52,437.44,3,2,6.66,0,0,0,0,4,4,5,1,45,3,1,1.7,42,5.1,3,1,66.41891892,37.82258065,23.33333333,15,0,45,30,0,0,0,0,2,30,0,2.48,2.34,1.2,7.42,0.45406745,16.34118455,79.59722844,5.19,21.4,23.49176233,3.210463533,6.543416318,3.526294586,1.467025537,0.74779053,0.155382369,0.661486949,0.063030921,603,6,38,1,83,35,0,0,0,2,2,8,8,39.2,259.9,72.4,123.3,300.3,42.9,128.8,0.349166667,0.70693034,0.931799459,0.888663768,0.965301941,0.987450303,0.883753169,0.821485526,0.507148993,0.820614066,24132,571,674.68,4.492101847,18,29,1,11,13,19.125,32,1,29,15.25,2.394635681,1.721608576,0,1.922132779,0.727097759,0.008457569,0.038417431,0.000215023,0.002221904,0.087729358,52334,2786,3788.793396,6.472391338,780,663,1117.533088,832,5.325320602,5.028283132,0.28748941,0.317094983,19.67
598BT,598,TumutPonds,22.02.19,Rehab,B,T,1210,1289.80,8.52,437.44,4,2,6.66,0,0,0,0,4,4,3,2,80,5,1,1.7,85,8.5,3,2,73.17567568,48.70967742,37.17948718,20,0,20,0,0,0,60,0,0,0,60,2.82,2.57,1.46,8.5,0.481503713,17.65303105,2.2527745,5.22,34.1,55.12468556,7.165891319,15.79325387,7.753459091,3.382317709,3.23543808,0.929094669,1.256565366,0.117032698,532,70,51,2,91,65,0,0,0,1,1,4,4,20.6,265.6,71.6,86.9,243.1,29.2,82.4,0.324166667,0.644120744,0.79743108,0.790869604,0.742605964,0.834309753,0.685041989,0.540648614,0.575200565,0.65061762,42226,714,1009.242857,4.576609353,10,33,1,17,14,19,54.125,1,20.6,16.66666667,2.187322319,1.835646726,0,2.025963619,1.25924116,0.001146789,0.05733945,7.16743E-05,0.00516055,0.025301032,37417,2414,3028.208046,6.382582238,678,529,881.2596899,620.0222222,5.117687841,5.378611395,0.319354231,0.223147887,15.64
598CO,598,TumutPonds,22.02.19,Rehab,C,O,1210,1289.80,8.52,437.44,3,2,6.66,0,0,0,0,4,4,2,1,90,5,1,1.7,40,8.5,3,3,73.17567568,44.67741935,32.05128205,5,0,80,0,5,0,0,0,1.8,5,0,3.22,4.2,1.4,11.17,0.63110406,17.6991414,53.38317209,4.46,32.1,38.32829409,5.318649978,9.869471722,6.010316769,2.518056896,1.132845257,0.860958796,1.055283229,0.06352276,978,7,28,1,6,156,0,0,0,0,0,0,0,46.9,413.7,128.5,189.5,595.6,87.1,56.6,0.384791667,0.397550972,0.429893362,0.415351466,0.453420188,0.474220822,0.466055828,0.450037066,0.354050556,0.372640367,31030,542,673.9518072,4.518788476,0,39,0,6,9,0,49.125,0,7,13.5,0,1.888794895,0,1.299553034,0.510298943,0,0.184418005,0,0.001576835,0.048021789,53015,1916,2527.531073,6.054959517,563,408,729.5309735,541.1,4.650055525,4.900302036,0.352207474,0.252753459,31.88
598CT,598,TumutPonds,22.02.19,Rehab,C,T,1210,1289.80,8.52,437.44,2,2,6.66,0,0,0,0,4,4,5,3,40,3,1.5,1.7,35,7.65,3,2,66.41891892,44.97983871,32.43589744,60,0,20,0,0,85,0,0,0,0,85,1.51,1.26,0.77,4.38,0.328156301,13.34729819,34.42723122,5.39,30.2,29.80301374,3.783593261,7.596575689,4.094962745,1.714418648,2.402392467,0.406288054,0.722569029,0.172132688,705,29,77,1,82,67,0,0,0,9,3,36,12,49.8,167.6,45.5,217.8,177.1,37.7,347.7,0.332708333,0.635922542,0.767326648,0.802901203,0.746025023,0.710640297,0.717554283,0.678890432,0.579982786,0.6454499,19473,699,860.4117647,4.804444166,12,28,2,18,12,18.25,34.125,2,20.5,18,2.323523298,1.551522442,0.264052052,2.157040843,1.818987401,0.001935206,0.113818807,0.001935206,0.006163991,0.007525803,35981,3197,4094.230769,6.896691597,891,749,1099.875676,977.484,5.626326408,5.700453451,0.340487621,0.261508049,6.74
598DO,598,TumutPonds,22.02.19,Rehab,D,O,1210,1289.80,8.52,437.44,2,2,6.66,0,0,0,0,4,4,4,2,60,4,1,1.7,42,6.8,3,3,69.7972973,41.25,27.69230769,25,10,35,15,0,0,0,0,1.8,15,0,2.2,1.74,1.29,6.55,0.412836035,15.86586306,35.98194724,5.62,19.98,40.26086367,5.481441811,11.51002358,5.282151608,3.254611027,1.518780561,0.490068626,1.120488938,0.076418255,769,31,43,2,86,63,0.01,1,1,0,0,0,0,26,255.8,60.4,90.3,374,37.7,77.7,0.384791667,0.557382489,0.688780712,0.766147345,0.68340071,0.654089735,0.634772449,0.615482729,0.503583939,0.708113702,20595,454,508.961039,4.164657475,14,19,0,9,13,15,25.25,0,9.083333333,13.125,2.502327885,1.22736205,0,2.001006523,1.9490151,0.006020642,0.070169151,0,0.001720183,0.024512615,31596,2885,3578.90681,6.795791946,833,671,1025.387821,771.1679389,5.604031247,5.396045451,0.329897392,0.283206251,11.86
598DT,598,TumutPonds,22.02.19,Rehab,D,T,1210,1289.80,8.52,437.44,2,2,6.66,0,0,0,0,4,4,4,1,60,4,1.5,1.7,45,10.2,3,3,69.7972973,46.08870968,33.84615385,35,0,20,5,0,0,55,0,0,5,55,2.65,2.15,1.51,7.83,0.468954794,16.6967053,35.62986269,5.87,27.6,58.21137187,8.6977187,16.13728232,7.833468825,4.209772075,2.723477697,0.66741525,1.695891405,0.094190438,426,35,48,2,62,52,0,0,0,0,0,0,0,23.6,171.5,34.8,84.3,176.7,33.5,195.2,0.332708333,0.498249212,0.623288234,0.625773874,0.627097292,0.649004195,0.645503969,0.623960077,0.492559838,0.470743762,19975,538,659.9764706,4.343350657,16,21,1,15,6,17.125,27.25,1,19.16666667,7.5,2.46951996,1.698696627,0,1.334377065,1.735126457,0.004802179,0.189721904,0.006092317,0.019710436,0.000645069,34763,3632,4578.642766,7.123282846,1132,751,1479.656109,909.4133333,6.08596412,5.72690872,0.352442813,0.244234209,10.22
599AO,599,TumutPonds,21.02.19,Rehab,A,O,1215,1296.05,8.49,437.37,2,4,1,4,4,50,3,4,4,2,1,5,1,1,1,13,1,3,3,60.09615385,22.3880597,16.27906977,5,0,0,40,0,0,0,0,3.5,40,0,0.85,0.42,0.44,2,0.179423486,11.14681272,46.647595,5.8,14.6,21.39842885,3.046449387,3.845292521,3.466074689,1.312765342,1.747279696,0.524309519,0.75610637,0.209047197,11,3,6,0.7,1.5,1.4,0.12,1,1,0,0,0,0,20,123.2,27.7,25.1,85.1,19.8,108.3,0.34375,0.753728145,0.751633876,0.856936929,0.836301074,0.896832911,0.652811554,0.74183254,0.515249289,0.858195021,16032,562,699.3554217,4.204358679,27,24,1,25,8,33.125,29.0625,1,41.66666667,12.5,2.806355594,2.865320705,0,1.162098834,0.993674766,0.012543005,0.004587156,0.001505161,0.02659117,0.007884174,4495,N/A,N/A,N/A,N/A,N/A,N/A,N/A,N/A,N/A,N/A,N/A,2.86
599AT,599,TumutPonds,21.02.19,Rehab,A,T,1215,1296.05,8.49,437.37,3,4,1,4,4,2,2,4,4,4,2,28,3,1.5,1.3,28,5.85,3,6,62.5,35.16791045,29.88372093,40,0,0,30,0,0,30,0,0,30,30,1.04,0.52,0.51,2.42,0.203530061,11.89013546,47.54186915,5.98,21.4,20.23345825,2.653725513,4.120428369,2.656480694,1.264774673,1.730473235,0.516352681,0.659262624,0.209804275,318,222,9,2,36,10.6,0.25,3,6,11,6,44,24,39.1,178.8,66.6,102.5,130.3,29.3,229.6,0.34125,0.816331589,0.902906848,1.007302099,0.992021696,1.054064116,0.962853181,0.864048525,0.687649006,0.85916174,28957,806,990.0034483,4.970298811,37,23,4,29,15,47.08333333,31.1,4,29.8,16.6,3.044664005,2.09835806,0.885057782,1.234664038,1.866705816,0.013904817,0.010392775,0.01146789,0.09375,0.00680906,45453,4267,5798.903356,7.413784557,1210,905,1583.92616,1171.947853,6.306807554,5.810111731,0.306693025,0.302456933,4.39
599BO,599,TumutPonds,21.02.19,Rehab,B,O,1215,1296.05,8.49,437.37,4,4,1,4,4,5,2,4,4,4,2,20,2,1.5,1.3,25,3.9,3,4,60.09615385,33.39552239,27.6744186,45,0,0,15,10,0,0,0,4,25,0,1.06,0.57,0.49,2.5,0.200466085,12.47093742,45.53357744,5.92,17.93,21.5729231,3.296770519,4.026486864,3.005907926,1.502709631,1.35447841,0.852679143,0.825459079,0.15069153,44,4,9,11,13,6,0,0,0,0,0,0,0,36.2,176,56.1,43.4,154.5,28.6,215.5,0.34375,0.753710257,0.90533766,0.97062007,1.008091882,0.786365617,0.955834626,0.908467046,0.685949318,0.851427885,26211,853,1078.986207,4.958897773,48,44,6,21,15,59.11538462,62,6.25,24,19,3.4885729,3.141543304,0.521372347,2.453534735,1.179046606,0.011539564,0.013116399,0.014263188,0.009030963,0.04787844,34556,4152,5279.413774,7.37390033,1123,937,1434.675676,1134.34715,6.296060367,5.715357135,0.275345947,0.321142803,5.38
599BT,599,TumutPonds,21.02.19,Rehab,B,T,1215,1296.05,8.49,437.37,3,2,6.66,0,0,0,0,4,4,4,3,50,4,1.5,1.7,50,10.2,3,3,69.7972973,52.13709677,41.53846154,50,0,0,0,0,0,5,0,0,0,5,1.41,1.03,0.65,3.51,0.262401594,13.37644315,51.70381622,5.72,29.6,29.21487946,3.520069224,6.501033936,4.293383876,1.425959202,2.522608295,0.480880891,1.022683027,0.201953696,207,68,46,4,77,21,0.01,1,1,4,2,16,8,40.4,270.7,91.3,95.9,167.3,42.2,197.3,0.34125,0.715330962,0.801238061,0.890772013,0.914440798,0.913005324,0.876179331,0.80959647,0.661460912,0.593763115,30534,728,882.9210526,4.549966719,26,20,3,32,5,31.33333333,28.16666667,3,40.33333333,8,2.697731325,1.106891766,0.533961613,2.420936052,1.190076307,0.008529243,0.033113532,0.002150229,0.021215596,0.001146789,37626,4029,5215.958937,7.35278334,1097,873,1410.230233,1092.883234,6.09014223,5.910926242,0.311446861,0.259625341,12.52
599CO,599,TumutPonds,21.02.19,Rehab,C,O,1215,1296.05,8.49,437.37,2,2,6.66,0,0,0,0,4,4,5,2,15,2,1.5,1.7,22,5.1,3,5,63.04054054,37.82258065,23.33333333,80,0,0,0,5,0,0,0,2,5,0,3.35,4.02,1.4,10.37,0.615192015,16.85652569,72.88199697,5.52,61,29.62905295,3.44804958,6.728714897,4.448486705,1.385351484,3.764525922,0.211110816,0.782736567,0.296493,139,41,16,11,15,7,0,0,0,1,1,4,4,91.4,538.9,180.1,125.2,411.5,118.8,229.5,0.355625,0.64071636,0.782864118,0.747923605,0.543172487,0.87211078,0.879016948,1.294586095,0.490811619,0.805691808,25440,638,759.8761468,4.545926926,12,17,1,26,4,24.25,25.16666667,1,42,6,2.260936856,0.792049258,0,0.900499513,0.445940049,0.001648509,0.016413417,7.16743E-05,0.058557913,0.002723624,25950,2839,3444.919764,6.266401622,976,518,1168.857143,649.511236,4.758072015,5.444417056,0.526499106,0.147415984,16.59
599CT,599,TumutPonds,21.02.19,Rehab,C,T,1215,1296.05,8.49,437.37,4,2,6.66,0,0,0,0,4,4,5,2,15,2,1.5,1.7,52,5.1,3,4,63.04054054,41.85483871,28.46153846,85,0,0,0,0,5,25,0,0,0,30,3.05,2.68,1.56,9.05,0.508457786,17.79892108,61.07767377,5.67,61.9,48.39541237,5.955161277,13.07594351,6.274677681,2.984703815,3.25604599,0.819512273,1.291067291,0.140228339,195,10,13,28,39,35,0.87,2,11,4,2,16,8,45,271,58.6,180.8,510.6,69.5,147,0.257708333,1.035439253,1.256100128,1.205815512,0.877592748,1.146368135,1.190151015,1.519533653,0.805505754,1.023897672,29612,642,802.9726563,4.006424391,26,38,2,16,9,33.14285714,44.75,2,22.25,9.666666667,2.840739982,1.746227238,0.562335145,1.467709138,2.077106224,0.006450688,0.193592317,0.000286697,0.014979931,0.001648509,31967,3377,4324.931429,6.908444094,1118,705,1393.002232,933.872093,6.064592381,5.527424114,0.370469735,0.224418714,15.52
599DO,599,TumutPonds,21.02.19,Rehab,D,O,1215,1296.05,8.49,437.37,2,2,6.66,0,0,0,0,4,4,5,2,10,2,1.5,1.7,47,5.1,3,5,63.04054054,37.82258065,23.33333333,80,0,0,0,10,0,15,0,2,10,15,1.07,0.71,0.45,2.67,0.237663763,11.23435883,41.33692137,5.64,38.2,25.48450193,3.700875334,5.858345168,3.723299226,1.592495829,1.108866993,0.479203645,0.919681361,0.093469886,145,35,12,20,31,14,0,0,0,15,1,60,4,33.6,194.1,76.6,84.1,184,34.7,186.3,0.355625,0.936507359,1.176065561,0.847519211,0.768535721,1.113066314,0.994989469,1.317563411,0.445655014,1.359773184,25930,837,1005.033333,5.237733995,53,26,4,31,12,69.40909091,42,4,32.5625,22,3.050888037,1.661434698,0.351436656,2.218901462,1.752045128,0.024297592,0.119051032,0.018563647,0.023007454,0.005017202,29678,3706,4607.072655,7.234952398,1026,817,1263.009615,984.6324503,6.010216872,5.808816766,0.300997835,0.280099783,12.07
599DT,599,TumutPonds,21.02.19,Rehab,D,T,1215,1296.05,8.49,437.37,4,2,6.66,0,0,0,0,4,4,5,3,15,2,1.5,2,45,6,3,4,63.04054054,45.68548387,33.33333333,80,0,0,0,5,0,10,0,0,5,10,1.31,0.8,0.68,3.33,0.263177708,12.65304735,41.758285,5.48,37,32.02840844,4.161712939,8.669366365,4.304414595,1.986482556,1.944053819,0.224894494,0.981870111,0.12320596,123,41,18,8,38,10,0,0,0,0,0,0,0,21.9,207.2,61.9,71,170.4,31.4,190.1,0.257708333,0.964159166,1.033107683,0.94449562,0.87927783,1.102220922,0.971279565,1.25274016,0.634072701,0.897228433,26771,775,940.4583333,4.821985034,43,24,5,28,12,67.08333333,30,5,52,18.25,3.04371073,2.102126586,1.078235401,2.474089068,2.0443929,0.01877867,0.02608945,0.01612672,0.010249427,0.002866972,31168,3702,4648.484536,7.178646506,1121,821,1426.706522,995.0131579,6.096591666,5.654575789,0.311117387,0.29600866,11.17
